{"receiver_hypervisor": {"all": {}, "each": {}}, "netperf": null, "sender_hypervisor": {"all": {}, "each": {}}, "sender": {"all": {"Stream CPU Usage": {"TCP_STREAM": {"new": {"%steal": 0.0, "%usr": 0.674, "%gnice": 0.0, "%iowait": 0.0, "%guest": 0.0, "%sys": 17.0696666667, "%soft": 5.5746666667, "%irq": 0.01, "%nice": 0.0}, "old": {"%steal": 0.0, "%usr": 0.7913333333, "%gnice": 0.0, "%iowait": 0.0, "%guest": 0.0, "%sys": 17.6573333333, "%soft": 4.706, "%irq": 0.026, "%nice": 0.0}}, "UDP_STREAM_1472": {"new": {"%steal": 0.0, "%usr": 4.898, "%gnice": 0.0, "%iowait": 0.0, "%guest": 0.0, "%sys": 37.5256666667, "%soft": 6.5896666667, "%irq": 0.0, "%nice": 0.0}, "old": {"%steal": 0.0, "%usr": 5.557, "%gnice": 0.0, "%iowait": 0.0, "%guest": 0.0, "%sys": 41.4576666667, "%soft": 11.0823333333, "%irq": 0.002, "%nice": 0.0}}, "UDP_STREAM_466": {"new": {"%steal": 0.0, "%usr": 4.898, "%gnice": 0.0, "%iowait": 0.0, "%guest": 0.0, "%sys": 37.5256666667, "%soft": 6.5896666667, "%irq": 0.0, "%nice": 0.0}, "old": {"%steal": 0.0, "%usr": 5.557, "%gnice": 0.0, "%iowait": 0.0, "%guest": 0.0, "%sys": 41.4576666667, "%soft": 11.0823333333, "%irq": 0.002, "%nice": 0.0}}, "UDP_STREAM_18": {"new": {"%steal": 0.0, "%usr": 4.898, "%gnice": 0.0, "%iowait": 0.0, "%guest": 0.0, "%sys": 37.5256666667, "%soft": 6.5896666667, "%irq": 0.0, "%nice": 0.0}, "old": {"%steal": 0.0, "%usr": 5.557, "%gnice": 0.0, "%iowait": 0.0, "%guest": 0.0, "%sys": 41.4576666667, "%soft": 11.0823333333, "%irq": 0.002, "%nice": 0.0}}, "UDP_STREAM_210": {"new": {"%steal": 0.0, "%usr": 4.898, "%gnice": 0.0, "%iowait": 0.0, "%guest": 0.0, "%sys": 37.5256666667, "%soft": 6.5896666667, "%irq": 0.0, "%nice": 0.0}, "old": {"%steal": 0.0, "%usr": 5.557, "%gnice": 0.0, "%iowait": 0.0, "%guest": 0.0, "%sys": 41.4576666667, "%soft": 11.0823333333, "%irq": 0.002, "%nice": 0.0}}, "UDP_STREAM_978": {"new": {"%steal": 0.0, "%usr": 4.898, "%gnice": 0.0, "%iowait": 0.0, "%guest": 0.0, "%sys": 37.5256666667, "%soft": 6.5896666667, "%irq": 0.0, "%nice": 0.0}, "old": {"%steal": 0.0, "%usr": 5.557, "%gnice": 0.0, "%iowait": 0.0, "%guest": 0.0, "%sys": 41.4576666667, "%soft": 11.0823333333, "%irq": 0.002, "%nice": 0.0}}, "UDP_STREAM_82": {"new": {"%steal": 0.0, "%usr": 4.898, "%gnice": 0.0, "%iowait": 0.0, "%guest": 0.0, "%sys": 37.5256666667, "%soft": 6.5896666667, "%irq": 0.0, "%nice": 0.0}, "old": {"%steal": 0.0, "%usr": 5.557, "%gnice": 0.0, "%iowait": 0.0, "%guest": 0.0, "%sys": 41.4576666667, "%soft": 11.0823333333, "%irq": 0.002, "%nice": 0.0}}}, "RR CPU Usage": {"TCP_RR": {"new": {"%steal": 0.0, "%usr": 8.3743333333, "%gnice": 0.0, "%iowait": 0.0, "%guest": 0.0, "%sys": 62.0456666667, "%soft": 29.5433333333, "%irq": 0.0, "%nice": 0.0}, "old": {"%steal": 0.0, "%usr": 8.2383333333, "%gnice": 0.0, "%iowait": 0.0, "%guest": 0.0, "%sys": 60.5143333333, "%soft": 31.1973333333, "%irq": 0.0, "%nice": 0.0}}, "UDP_RR": {"new": {"%steal": 0.0, "%usr": 5.717, "%gnice": 0.0, "%iowait": 0.0, "%guest": 0.0, "%sys": 53.7636666667, "%soft": 32.403, "%irq": 0.1046666667, "%nice": 0.0}, "old": {"%steal": 0.0, "%usr": 4.422, "%gnice": 0.0, "%iowait": 0.0036666667, "%guest": 0.0, "%sys": 51.3173333333, "%soft": 32.4886666667, "%irq": 0.1213333333, "%nice": 0.0}}}}, "each": {"new": {"Stream CPU Usage": {"TCP_STREAM": {"cpu8": {"%steal": 0.0, "%usr": 0.0, "%gnice": 0.0, "%iowait": 0.0, "%guest": 0.0, "%sys": 0.0, "%soft": 0.0, "%irq": 0.0, "%nice": 0.0}, "cpu9": {"%steal": 0.0, "%usr": 0.0, "%gnice": 0.0, "%iowait": 0.0, "%guest": 0.0, "%sys": 0.0, "%soft": 0.0, "%irq": 0.0, "%nice": 0.0}, "cpu6": {"%steal": 0.0, "%usr": 0.0, "%gnice": 0.0, "%iowait": 0.0, "%guest": 0.0, "%sys": 0.0, "%soft": 0.0, "%irq": 0.0, "%nice": 0.0}, "cpu7": {"%steal": 0.0, "%usr": 0.0, "%gnice": 0.0, "%iowait": 0.0, "%guest": 0.0, "%sys": 0.0, "%soft": 0.0, "%irq": 0.0, "%nice": 0.0}, "cpu4": {"%steal": 0.0, "%usr": 0.0, "%gnice": 0.0, "%iowait": 0.0, "%guest": 0.0, "%sys": 0.0, "%soft": 0.0, "%irq": 0.0, "%nice": 0.0}, "cpu5": {"%steal": 0.0, "%usr": 0.0, "%gnice": 0.0, "%iowait": 0.0, "%guest": 0.0, "%sys": 0.0, "%soft": 0.0, "%irq": 0.0, "%nice": 0.0}, "cpu2": {"%steal": 0.0, "%usr": 0.578, "%gnice": 0.0, "%iowait": 0.0, "%guest": 0.0, "%sys": 16.2476666667, "%soft": 5.0293333333, "%irq": 0.0, "%nice": 0.0}, "cpu3": {"%steal": 0.0, "%usr": 0.5853333333, "%gnice": 0.0, "%iowait": 0.0, "%guest": 0.0, "%sys": 16.623, "%soft": 4.717, "%irq": 0.008, "%nice": 0.0}, "cpu0": {"%steal": 0.0, "%usr": 0.8606666667, "%gnice": 0.0, "%iowait": 0.0083333333, "%guest": 0.0, "%sys": 17.696, "%soft": 7.2716666667, "%irq": 0.0083333333, "%nice": 0.0}, "cpu1": {"%steal": 0.0, "%usr": 0.6813333333, "%gnice": 0.0, "%iowait": 0.0, "%guest": 0.0, "%sys": 17.7036666667, "%soft": 5.3783333333, "%irq": 0.024, "%nice": 0.0}, "cpu14": {"%steal": 0.0, "%usr": 0.0, "%gnice": 0.0, "%iowait": 0.0, "%guest": 0.0, "%sys": 0.0, "%soft": 0.0, "%irq": 0.0, "%nice": 0.0}, "cpu15": {"%steal": 0.0, "%usr": 0.0, "%gnice": 0.0, "%iowait": 0.0, "%guest": 0.0, "%sys": 0.0, "%soft": 0.0, "%irq": 0.0, "%nice": 0.0}, "cpu10": {"%steal": 0.0, "%usr": 0.0, "%gnice": 0.0, "%iowait": 0.0, "%guest": 0.0, "%sys": 0.0, "%soft": 0.0, "%irq": 0.0, "%nice": 0.0}, "cpu11": {"%steal": 0.0, "%usr": 0.0, "%gnice": 0.0, "%iowait": 0.0, "%guest": 0.0, "%sys": 0.0, "%soft": 0.0, "%irq": 0.0, "%nice": 0.0}, "cpu12": {"%steal": 0.0, "%usr": 0.0, "%gnice": 0.0, "%iowait": 0.0, "%guest": 0.0, "%sys": 0.0, "%soft": 0.0, "%irq": 0.0, "%nice": 0.0}, "cpu13": {"%steal": 0.0, "%usr": 0.0, "%gnice": 0.0, "%iowait": 0.0, "%guest": 0.0, "%sys": 0.0, "%soft": 0.0, "%irq": 0.0, "%nice": 0.0}}, "UDP_STREAM_1472": {"cpu8": {"%steal": 0.0, "%usr": 0.0, "%gnice": 0.0, "%iowait": 0.0, "%guest": 0.0, "%sys": 0.0, "%soft": 0.0, "%irq": 0.0, "%nice": 0.0}, "cpu9": {"%steal": 0.0, "%usr": 0.0, "%gnice": 0.0, "%iowait": 0.0, "%guest": 0.0, "%sys": 0.0, "%soft": 0.0, "%irq": 0.0, "%nice": 0.0}, "cpu6": {"%steal": 0.0, "%usr": 0.0, "%gnice": 0.0, "%iowait": 0.0, "%guest": 0.0, "%sys": 0.0, "%soft": 0.0, "%irq": 0.0, "%nice": 0.0}, "cpu7": {"%steal": 0.0, "%usr": 0.0, "%gnice": 0.0, "%iowait": 0.0, "%guest": 0.0, "%sys": 0.0, "%soft": 0.0, "%irq": 0.0, "%nice": 0.0}, "cpu4": {"%steal": 0.0, "%usr": 0.0, "%gnice": 0.0, "%iowait": 0.0, "%guest": 0.0, "%sys": 0.0, "%soft": 0.0, "%irq": 0.0, "%nice": 0.0}, "cpu5": {"%steal": 0.0, "%usr": 0.0, "%gnice": 0.0, "%iowait": 0.0, "%guest": 0.0, "%sys": 0.0, "%soft": 0.0, "%irq": 0.0, "%nice": 0.0}, "cpu2": {"%steal": 0.0, "%usr": 4.8993333333, "%gnice": 0.0, "%iowait": 0.0, "%guest": 0.0, "%sys": 37.6656666667, "%soft": 6.9383333333, "%irq": 0.0, "%nice": 0.0}, "cpu3": {"%steal": 0.0, "%usr": 5.0126666667, "%gnice": 0.0, "%iowait": 0.0, "%guest": 0.0, "%sys": 37.6743333333, "%soft": 6.3363333333, "%irq": 0.0, "%nice": 0.0}, "cpu0": {"%steal": 0.0, "%usr": 5.0896666667, "%gnice": 0.0, "%iowait": 0.0, "%guest": 0.0, "%sys": 37.834, "%soft": 7.1456666667, "%irq": 0.0, "%nice": 0.0}, "cpu1": {"%steal": 0.0, "%usr": 4.7116666667, "%gnice": 0.0, "%iowait": 0.0, "%guest": 0.0, "%sys": 37.0476666667, "%soft": 6.273, "%irq": 0.0, "%nice": 0.0}, "cpu14": {"%steal": 0.0, "%usr": 0.0, "%gnice": 0.0, "%iowait": 0.0, "%guest": 0.0, "%sys": 0.0, "%soft": 0.0, "%irq": 0.0, "%nice": 0.0}, "cpu15": {"%steal": 0.0, "%usr": 0.0, "%gnice": 0.0, "%iowait": 0.0, "%guest": 0.0, "%sys": 0.0, "%soft": 0.0, "%irq": 0.0, "%nice": 0.0}, "cpu10": {"%steal": 0.0, "%usr": 0.0, "%gnice": 0.0, "%iowait": 0.0, "%guest": 0.0, "%sys": 0.0, "%soft": 0.0, "%irq": 0.0, "%nice": 0.0}, "cpu11": {"%steal": 0.0, "%usr": 0.0, "%gnice": 0.0, "%iowait": 0.0, "%guest": 0.0, "%sys": 0.0, "%soft": 0.0, "%irq": 0.0, "%nice": 0.0}, "cpu12": {"%steal": 0.0, "%usr": 0.0, "%gnice": 0.0, "%iowait": 0.0, "%guest": 0.0, "%sys": 0.0, "%soft": 0.0, "%irq": 0.0, "%nice": 0.0}, "cpu13": {"%steal": 0.0, "%usr": 0.0, "%gnice": 0.0, "%iowait": 0.0, "%guest": 0.0, "%sys": 0.0, "%soft": 0.0, "%irq": 0.0, "%nice": 0.0}}, "UDP_STREAM_466": {"cpu8": {"%steal": 0.0, "%usr": 0.0, "%gnice": 0.0, "%iowait": 0.0, "%guest": 0.0, "%sys": 0.0, "%soft": 0.0, "%irq": 0.0, "%nice": 0.0}, "cpu9": {"%steal": 0.0, "%usr": 0.0, "%gnice": 0.0, "%iowait": 0.0, "%guest": 0.0, "%sys": 0.0, "%soft": 0.0, "%irq": 0.0, "%nice": 0.0}, "cpu6": {"%steal": 0.0, "%usr": 0.0, "%gnice": 0.0, "%iowait": 0.0, "%guest": 0.0, "%sys": 0.0, "%soft": 0.0, "%irq": 0.0, "%nice": 0.0}, "cpu7": {"%steal": 0.0, "%usr": 0.0, "%gnice": 0.0, "%iowait": 0.0, "%guest": 0.0, "%sys": 0.0, "%soft": 0.0, "%irq": 0.0, "%nice": 0.0}, "cpu4": {"%steal": 0.0, "%usr": 0.0, "%gnice": 0.0, "%iowait": 0.0, "%guest": 0.0, "%sys": 0.0, "%soft": 0.0, "%irq": 0.0, "%nice": 0.0}, "cpu5": {"%steal": 0.0, "%usr": 0.0, "%gnice": 0.0, "%iowait": 0.0, "%guest": 0.0, "%sys": 0.0, "%soft": 0.0, "%irq": 0.0, "%nice": 0.0}, "cpu2": {"%steal": 0.0, "%usr": 4.8993333333, "%gnice": 0.0, "%iowait": 0.0, "%guest": 0.0, "%sys": 37.6656666667, "%soft": 6.9383333333, "%irq": 0.0, "%nice": 0.0}, "cpu3": {"%steal": 0.0, "%usr": 5.0126666667, "%gnice": 0.0, "%iowait": 0.0, "%guest": 0.0, "%sys": 37.6743333333, "%soft": 6.3363333333, "%irq": 0.0, "%nice": 0.0}, "cpu0": {"%steal": 0.0, "%usr": 5.0896666667, "%gnice": 0.0, "%iowait": 0.0, "%guest": 0.0, "%sys": 37.834, "%soft": 7.1456666667, "%irq": 0.0, "%nice": 0.0}, "cpu1": {"%steal": 0.0, "%usr": 4.7116666667, "%gnice": 0.0, "%iowait": 0.0, "%guest": 0.0, "%sys": 37.0476666667, "%soft": 6.273, "%irq": 0.0, "%nice": 0.0}, "cpu14": {"%steal": 0.0, "%usr": 0.0, "%gnice": 0.0, "%iowait": 0.0, "%guest": 0.0, "%sys": 0.0, "%soft": 0.0, "%irq": 0.0, "%nice": 0.0}, "cpu15": {"%steal": 0.0, "%usr": 0.0, "%gnice": 0.0, "%iowait": 0.0, "%guest": 0.0, "%sys": 0.0, "%soft": 0.0, "%irq": 0.0, "%nice": 0.0}, "cpu10": {"%steal": 0.0, "%usr": 0.0, "%gnice": 0.0, "%iowait": 0.0, "%guest": 0.0, "%sys": 0.0, "%soft": 0.0, "%irq": 0.0, "%nice": 0.0}, "cpu11": {"%steal": 0.0, "%usr": 0.0, "%gnice": 0.0, "%iowait": 0.0, "%guest": 0.0, "%sys": 0.0, "%soft": 0.0, "%irq": 0.0, "%nice": 0.0}, "cpu12": {"%steal": 0.0, "%usr": 0.0, "%gnice": 0.0, "%iowait": 0.0, "%guest": 0.0, "%sys": 0.0, "%soft": 0.0, "%irq": 0.0, "%nice": 0.0}, "cpu13": {"%steal": 0.0, "%usr": 0.0, "%gnice": 0.0, "%iowait": 0.0, "%guest": 0.0, "%sys": 0.0, "%soft": 0.0, "%irq": 0.0, "%nice": 0.0}}, "UDP_STREAM_18": {"cpu8": {"%steal": 0.0, "%usr": 0.0, "%gnice": 0.0, "%iowait": 0.0, "%guest": 0.0, "%sys": 0.0, "%soft": 0.0, "%irq": 0.0, "%nice": 0.0}, "cpu9": {"%steal": 0.0, "%usr": 0.0, "%gnice": 0.0, "%iowait": 0.0, "%guest": 0.0, "%sys": 0.0, "%soft": 0.0, "%irq": 0.0, "%nice": 0.0}, "cpu6": {"%steal": 0.0, "%usr": 0.0, "%gnice": 0.0, "%iowait": 0.0, "%guest": 0.0, "%sys": 0.0, "%soft": 0.0, "%irq": 0.0, "%nice": 0.0}, "cpu7": {"%steal": 0.0, "%usr": 0.0, "%gnice": 0.0, "%iowait": 0.0, "%guest": 0.0, "%sys": 0.0, "%soft": 0.0, "%irq": 0.0, "%nice": 0.0}, "cpu4": {"%steal": 0.0, "%usr": 0.0, "%gnice": 0.0, "%iowait": 0.0, "%guest": 0.0, "%sys": 0.0, "%soft": 0.0, "%irq": 0.0, "%nice": 0.0}, "cpu5": {"%steal": 0.0, "%usr": 0.0, "%gnice": 0.0, "%iowait": 0.0, "%guest": 0.0, "%sys": 0.0, "%soft": 0.0, "%irq": 0.0, "%nice": 0.0}, "cpu2": {"%steal": 0.0, "%usr": 4.8993333333, "%gnice": 0.0, "%iowait": 0.0, "%guest": 0.0, "%sys": 37.6656666667, "%soft": 6.9383333333, "%irq": 0.0, "%nice": 0.0}, "cpu3": {"%steal": 0.0, "%usr": 5.0126666667, "%gnice": 0.0, "%iowait": 0.0, "%guest": 0.0, "%sys": 37.6743333333, "%soft": 6.3363333333, "%irq": 0.0, "%nice": 0.0}, "cpu0": {"%steal": 0.0, "%usr": 5.0896666667, "%gnice": 0.0, "%iowait": 0.0, "%guest": 0.0, "%sys": 37.834, "%soft": 7.1456666667, "%irq": 0.0, "%nice": 0.0}, "cpu1": {"%steal": 0.0, "%usr": 4.7116666667, "%gnice": 0.0, "%iowait": 0.0, "%guest": 0.0, "%sys": 37.0476666667, "%soft": 6.273, "%irq": 0.0, "%nice": 0.0}, "cpu14": {"%steal": 0.0, "%usr": 0.0, "%gnice": 0.0, "%iowait": 0.0, "%guest": 0.0, "%sys": 0.0, "%soft": 0.0, "%irq": 0.0, "%nice": 0.0}, "cpu15": {"%steal": 0.0, "%usr": 0.0, "%gnice": 0.0, "%iowait": 0.0, "%guest": 0.0, "%sys": 0.0, "%soft": 0.0, "%irq": 0.0, "%nice": 0.0}, "cpu10": {"%steal": 0.0, "%usr": 0.0, "%gnice": 0.0, "%iowait": 0.0, "%guest": 0.0, "%sys": 0.0, "%soft": 0.0, "%irq": 0.0, "%nice": 0.0}, "cpu11": {"%steal": 0.0, "%usr": 0.0, "%gnice": 0.0, "%iowait": 0.0, "%guest": 0.0, "%sys": 0.0, "%soft": 0.0, "%irq": 0.0, "%nice": 0.0}, "cpu12": {"%steal": 0.0, "%usr": 0.0, "%gnice": 0.0, "%iowait": 0.0, "%guest": 0.0, "%sys": 0.0, "%soft": 0.0, "%irq": 0.0, "%nice": 0.0}, "cpu13": {"%steal": 0.0, "%usr": 0.0, "%gnice": 0.0, "%iowait": 0.0, "%guest": 0.0, "%sys": 0.0, "%soft": 0.0, "%irq": 0.0, "%nice": 0.0}}, "UDP_STREAM_210": {"cpu8": {"%steal": 0.0, "%usr": 0.0, "%gnice": 0.0, "%iowait": 0.0, "%guest": 0.0, "%sys": 0.0, "%soft": 0.0, "%irq": 0.0, "%nice": 0.0}, "cpu9": {"%steal": 0.0, "%usr": 0.0, "%gnice": 0.0, "%iowait": 0.0, "%guest": 0.0, "%sys": 0.0, "%soft": 0.0, "%irq": 0.0, "%nice": 0.0}, "cpu6": {"%steal": 0.0, "%usr": 0.0, "%gnice": 0.0, "%iowait": 0.0, "%guest": 0.0, "%sys": 0.0, "%soft": 0.0, "%irq": 0.0, "%nice": 0.0}, "cpu7": {"%steal": 0.0, "%usr": 0.0, "%gnice": 0.0, "%iowait": 0.0, "%guest": 0.0, "%sys": 0.0, "%soft": 0.0, "%irq": 0.0, "%nice": 0.0}, "cpu4": {"%steal": 0.0, "%usr": 0.0, "%gnice": 0.0, "%iowait": 0.0, "%guest": 0.0, "%sys": 0.0, "%soft": 0.0, "%irq": 0.0, "%nice": 0.0}, "cpu5": {"%steal": 0.0, "%usr": 0.0, "%gnice": 0.0, "%iowait": 0.0, "%guest": 0.0, "%sys": 0.0, "%soft": 0.0, "%irq": 0.0, "%nice": 0.0}, "cpu2": {"%steal": 0.0, "%usr": 4.8993333333, "%gnice": 0.0, "%iowait": 0.0, "%guest": 0.0, "%sys": 37.6656666667, "%soft": 6.9383333333, "%irq": 0.0, "%nice": 0.0}, "cpu3": {"%steal": 0.0, "%usr": 5.0126666667, "%gnice": 0.0, "%iowait": 0.0, "%guest": 0.0, "%sys": 37.6743333333, "%soft": 6.3363333333, "%irq": 0.0, "%nice": 0.0}, "cpu0": {"%steal": 0.0, "%usr": 5.0896666667, "%gnice": 0.0, "%iowait": 0.0, "%guest": 0.0, "%sys": 37.834, "%soft": 7.1456666667, "%irq": 0.0, "%nice": 0.0}, "cpu1": {"%steal": 0.0, "%usr": 4.7116666667, "%gnice": 0.0, "%iowait": 0.0, "%guest": 0.0, "%sys": 37.0476666667, "%soft": 6.273, "%irq": 0.0, "%nice": 0.0}, "cpu14": {"%steal": 0.0, "%usr": 0.0, "%gnice": 0.0, "%iowait": 0.0, "%guest": 0.0, "%sys": 0.0, "%soft": 0.0, "%irq": 0.0, "%nice": 0.0}, "cpu15": {"%steal": 0.0, "%usr": 0.0, "%gnice": 0.0, "%iowait": 0.0, "%guest": 0.0, "%sys": 0.0, "%soft": 0.0, "%irq": 0.0, "%nice": 0.0}, "cpu10": {"%steal": 0.0, "%usr": 0.0, "%gnice": 0.0, "%iowait": 0.0, "%guest": 0.0, "%sys": 0.0, "%soft": 0.0, "%irq": 0.0, "%nice": 0.0}, "cpu11": {"%steal": 0.0, "%usr": 0.0, "%gnice": 0.0, "%iowait": 0.0, "%guest": 0.0, "%sys": 0.0, "%soft": 0.0, "%irq": 0.0, "%nice": 0.0}, "cpu12": {"%steal": 0.0, "%usr": 0.0, "%gnice": 0.0, "%iowait": 0.0, "%guest": 0.0, "%sys": 0.0, "%soft": 0.0, "%irq": 0.0, "%nice": 0.0}, "cpu13": {"%steal": 0.0, "%usr": 0.0, "%gnice": 0.0, "%iowait": 0.0, "%guest": 0.0, "%sys": 0.0, "%soft": 0.0, "%irq": 0.0, "%nice": 0.0}}, "UDP_STREAM_978": {"cpu8": {"%steal": 0.0, "%usr": 0.0, "%gnice": 0.0, "%iowait": 0.0, "%guest": 0.0, "%sys": 0.0, "%soft": 0.0, "%irq": 0.0, "%nice": 0.0}, "cpu9": {"%steal": 0.0, "%usr": 0.0, "%gnice": 0.0, "%iowait": 0.0, "%guest": 0.0, "%sys": 0.0, "%soft": 0.0, "%irq": 0.0, "%nice": 0.0}, "cpu6": {"%steal": 0.0, "%usr": 0.0, "%gnice": 0.0, "%iowait": 0.0, "%guest": 0.0, "%sys": 0.0, "%soft": 0.0, "%irq": 0.0, "%nice": 0.0}, "cpu7": {"%steal": 0.0, "%usr": 0.0, "%gnice": 0.0, "%iowait": 0.0, "%guest": 0.0, "%sys": 0.0, "%soft": 0.0, "%irq": 0.0, "%nice": 0.0}, "cpu4": {"%steal": 0.0, "%usr": 0.0, "%gnice": 0.0, "%iowait": 0.0, "%guest": 0.0, "%sys": 0.0, "%soft": 0.0, "%irq": 0.0, "%nice": 0.0}, "cpu5": {"%steal": 0.0, "%usr": 0.0, "%gnice": 0.0, "%iowait": 0.0, "%guest": 0.0, "%sys": 0.0, "%soft": 0.0, "%irq": 0.0, "%nice": 0.0}, "cpu2": {"%steal": 0.0, "%usr": 4.8993333333, "%gnice": 0.0, "%iowait": 0.0, "%guest": 0.0, "%sys": 37.6656666667, "%soft": 6.9383333333, "%irq": 0.0, "%nice": 0.0}, "cpu3": {"%steal": 0.0, "%usr": 5.0126666667, "%gnice": 0.0, "%iowait": 0.0, "%guest": 0.0, "%sys": 37.6743333333, "%soft": 6.3363333333, "%irq": 0.0, "%nice": 0.0}, "cpu0": {"%steal": 0.0, "%usr": 5.0896666667, "%gnice": 0.0, "%iowait": 0.0, "%guest": 0.0, "%sys": 37.834, "%soft": 7.1456666667, "%irq": 0.0, "%nice": 0.0}, "cpu1": {"%steal": 0.0, "%usr": 4.7116666667, "%gnice": 0.0, "%iowait": 0.0, "%guest": 0.0, "%sys": 37.0476666667, "%soft": 6.273, "%irq": 0.0, "%nice": 0.0}, "cpu14": {"%steal": 0.0, "%usr": 0.0, "%gnice": 0.0, "%iowait": 0.0, "%guest": 0.0, "%sys": 0.0, "%soft": 0.0, "%irq": 0.0, "%nice": 0.0}, "cpu15": {"%steal": 0.0, "%usr": 0.0, "%gnice": 0.0, "%iowait": 0.0, "%guest": 0.0, "%sys": 0.0, "%soft": 0.0, "%irq": 0.0, "%nice": 0.0}, "cpu10": {"%steal": 0.0, "%usr": 0.0, "%gnice": 0.0, "%iowait": 0.0, "%guest": 0.0, "%sys": 0.0, "%soft": 0.0, "%irq": 0.0, "%nice": 0.0}, "cpu11": {"%steal": 0.0, "%usr": 0.0, "%gnice": 0.0, "%iowait": 0.0, "%guest": 0.0, "%sys": 0.0, "%soft": 0.0, "%irq": 0.0, "%nice": 0.0}, "cpu12": {"%steal": 0.0, "%usr": 0.0, "%gnice": 0.0, "%iowait": 0.0, "%guest": 0.0, "%sys": 0.0, "%soft": 0.0, "%irq": 0.0, "%nice": 0.0}, "cpu13": {"%steal": 0.0, "%usr": 0.0, "%gnice": 0.0, "%iowait": 0.0, "%guest": 0.0, "%sys": 0.0, "%soft": 0.0, "%irq": 0.0, "%nice": 0.0}}, "UDP_STREAM_82": {"cpu8": {"%steal": 0.0, "%usr": 0.0, "%gnice": 0.0, "%iowait": 0.0, "%guest": 0.0, "%sys": 0.0, "%soft": 0.0, "%irq": 0.0, "%nice": 0.0}, "cpu9": {"%steal": 0.0, "%usr": 0.0, "%gnice": 0.0, "%iowait": 0.0, "%guest": 0.0, "%sys": 0.0, "%soft": 0.0, "%irq": 0.0, "%nice": 0.0}, "cpu6": {"%steal": 0.0, "%usr": 0.0, "%gnice": 0.0, "%iowait": 0.0, "%guest": 0.0, "%sys": 0.0, "%soft": 0.0, "%irq": 0.0, "%nice": 0.0}, "cpu7": {"%steal": 0.0, "%usr": 0.0, "%gnice": 0.0, "%iowait": 0.0, "%guest": 0.0, "%sys": 0.0, "%soft": 0.0, "%irq": 0.0, "%nice": 0.0}, "cpu4": {"%steal": 0.0, "%usr": 0.0, "%gnice": 0.0, "%iowait": 0.0, "%guest": 0.0, "%sys": 0.0, "%soft": 0.0, "%irq": 0.0, "%nice": 0.0}, "cpu5": {"%steal": 0.0, "%usr": 0.0, "%gnice": 0.0, "%iowait": 0.0, "%guest": 0.0, "%sys": 0.0, "%soft": 0.0, "%irq": 0.0, "%nice": 0.0}, "cpu2": {"%steal": 0.0, "%usr": 4.8993333333, "%gnice": 0.0, "%iowait": 0.0, "%guest": 0.0, "%sys": 37.6656666667, "%soft": 6.9383333333, "%irq": 0.0, "%nice": 0.0}, "cpu3": {"%steal": 0.0, "%usr": 5.0126666667, "%gnice": 0.0, "%iowait": 0.0, "%guest": 0.0, "%sys": 37.6743333333, "%soft": 6.3363333333, "%irq": 0.0, "%nice": 0.0}, "cpu0": {"%steal": 0.0, "%usr": 5.0896666667, "%gnice": 0.0, "%iowait": 0.0, "%guest": 0.0, "%sys": 37.834, "%soft": 7.1456666667, "%irq": 0.0, "%nice": 0.0}, "cpu1": {"%steal": 0.0, "%usr": 4.7116666667, "%gnice": 0.0, "%iowait": 0.0, "%guest": 0.0, "%sys": 37.0476666667, "%soft": 6.273, "%irq": 0.0, "%nice": 0.0}, "cpu14": {"%steal": 0.0, "%usr": 0.0, "%gnice": 0.0, "%iowait": 0.0, "%guest": 0.0, "%sys": 0.0, "%soft": 0.0, "%irq": 0.0, "%nice": 0.0}, "cpu15": {"%steal": 0.0, "%usr": 0.0, "%gnice": 0.0, "%iowait": 0.0, "%guest": 0.0, "%sys": 0.0, "%soft": 0.0, "%irq": 0.0, "%nice": 0.0}, "cpu10": {"%steal": 0.0, "%usr": 0.0, "%gnice": 0.0, "%iowait": 0.0, "%guest": 0.0, "%sys": 0.0, "%soft": 0.0, "%irq": 0.0, "%nice": 0.0}, "cpu11": {"%steal": 0.0, "%usr": 0.0, "%gnice": 0.0, "%iowait": 0.0, "%guest": 0.0, "%sys": 0.0, "%soft": 0.0, "%irq": 0.0, "%nice": 0.0}, "cpu12": {"%steal": 0.0, "%usr": 0.0, "%gnice": 0.0, "%iowait": 0.0, "%guest": 0.0, "%sys": 0.0, "%soft": 0.0, "%irq": 0.0, "%nice": 0.0}, "cpu13": {"%steal": 0.0, "%usr": 0.0, "%gnice": 0.0, "%iowait": 0.0, "%guest": 0.0, "%sys": 0.0, "%soft": 0.0, "%irq": 0.0, "%nice": 0.0}}}, "RR CPU Usage": {"TCP_RR": {"cpu8": {"%steal": 0.0, "%usr": 0.0, "%gnice": 0.0, "%iowait": 0.0, "%guest": 0.0, "%sys": 0.0, "%soft": 0.0, "%irq": 0.0, "%nice": 0.0}, "cpu9": {"%steal": 0.0, "%usr": 0.0, "%gnice": 0.0, "%iowait": 0.0, "%guest": 0.0, "%sys": 0.0, "%soft": 0.0, "%irq": 0.0, "%nice": 0.0}, "cpu6": {"%steal": 0.0, "%usr": 0.0, "%gnice": 0.0, "%iowait": 0.0, "%guest": 0.0, "%sys": 0.0, "%soft": 0.0, "%irq": 0.0, "%nice": 0.0}, "cpu7": {"%steal": 0.0, "%usr": 0.0, "%gnice": 0.0, "%iowait": 0.0, "%guest": 0.0, "%sys": 0.0, "%soft": 0.0, "%irq": 0.0, "%nice": 0.0}, "cpu4": {"%steal": 0.0, "%usr": 0.0, "%gnice": 0.0, "%iowait": 0.0, "%guest": 0.0, "%sys": 0.0, "%soft": 0.0, "%irq": 0.0, "%nice": 0.0}, "cpu5": {"%steal": 0.0, "%usr": 0.0, "%gnice": 0.0, "%iowait": 0.0, "%guest": 0.0, "%sys": 0.0, "%soft": 0.0, "%irq": 0.0, "%nice": 0.0}, "cpu2": {"%steal": 0.0, "%usr": 8.0753333333, "%gnice": 0.0, "%iowait": 0.0, "%guest": 0.0, "%sys": 62.424, "%soft": 29.4746666667, "%irq": 0.0, "%nice": 0.0}, "cpu3": {"%steal": 0.0, "%usr": 8.622, "%gnice": 0.0, "%iowait": 0.0, "%guest": 0.0, "%sys": 62.5463333333, "%soft": 28.779, "%irq": 0.0, "%nice": 0.0}, "cpu0": {"%steal": 0.0, "%usr": 8.3956666667, "%gnice": 0.0, "%iowait": 0.0, "%guest": 0.0, "%sys": 61.2836666667, "%soft": 30.2946666667, "%irq": 0.0, "%nice": 0.0}, "cpu1": {"%steal": 0.0, "%usr": 8.4043333333, "%gnice": 0.0, "%iowait": 0.0, "%guest": 0.0, "%sys": 61.9223333333, "%soft": 29.6333333333, "%irq": 0.0, "%nice": 0.0}, "cpu14": {"%steal": 0.0, "%usr": 0.0, "%gnice": 0.0, "%iowait": 0.0, "%guest": 0.0, "%sys": 0.0, "%soft": 0.0, "%irq": 0.0, "%nice": 0.0}, "cpu15": {"%steal": 0.0, "%usr": 0.0, "%gnice": 0.0, "%iowait": 0.0, "%guest": 0.0, "%sys": 0.0, "%soft": 0.0, "%irq": 0.0, "%nice": 0.0}, "cpu10": {"%steal": 0.0, "%usr": 0.0, "%gnice": 0.0, "%iowait": 0.0, "%guest": 0.0, "%sys": 0.0, "%soft": 0.0, "%irq": 0.0, "%nice": 0.0}, "cpu11": {"%steal": 0.0, "%usr": 0.0, "%gnice": 0.0, "%iowait": 0.0, "%guest": 0.0, "%sys": 0.0, "%soft": 0.0, "%irq": 0.0, "%nice": 0.0}, "cpu12": {"%steal": 0.0, "%usr": 0.0, "%gnice": 0.0, "%iowait": 0.0, "%guest": 0.0, "%sys": 0.0, "%soft": 0.0, "%irq": 0.0, "%nice": 0.0}, "cpu13": {"%steal": 0.0, "%usr": 0.0, "%gnice": 0.0, "%iowait": 0.0, "%guest": 0.0, "%sys": 0.0, "%soft": 0.0, "%irq": 0.0, "%nice": 0.0}}, "UDP_RR": {"cpu8": {"%steal": 0.0, "%usr": 0.0, "%gnice": 0.0, "%iowait": 0.0, "%guest": 0.0, "%sys": 0.0, "%soft": 0.0, "%irq": 0.0, "%nice": 0.0}, "cpu9": {"%steal": 0.0, "%usr": 0.0, "%gnice": 0.0, "%iowait": 0.0, "%guest": 0.0, "%sys": 0.0, "%soft": 0.0, "%irq": 0.0, "%nice": 0.0}, "cpu6": {"%steal": 0.0, "%usr": 0.0, "%gnice": 0.0, "%iowait": 0.0, "%guest": 0.0, "%sys": 0.0, "%soft": 0.0, "%irq": 0.0, "%nice": 0.0}, "cpu7": {"%steal": 0.0, "%usr": 0.0, "%gnice": 0.0, "%iowait": 0.0, "%guest": 0.0, "%sys": 0.0, "%soft": 0.0, "%irq": 0.0, "%nice": 0.0}, "cpu4": {"%steal": 0.0, "%usr": 0.0, "%gnice": 0.0, "%iowait": 0.0, "%guest": 0.0, "%sys": 0.0, "%soft": 0.0, "%irq": 0.0, "%nice": 0.0}, "cpu5": {"%steal": 0.0, "%usr": 0.0, "%gnice": 0.0, "%iowait": 0.0, "%guest": 0.0, "%sys": 0.0, "%soft": 0.0, "%irq": 0.0, "%nice": 0.0}, "cpu2": {"%steal": 0.0, "%usr": 7.8226666667, "%gnice": 0.0, "%iowait": 0.0, "%guest": 0.0, "%sys": 73.8253333333, "%soft": 7.5303333333, "%irq": 0.1026666667, "%nice": 0.0}, "cpu3": {"%steal": 0.0, "%usr": 8.4216666667, "%gnice": 0.0, "%iowait": 0.0, "%guest": 0.0, "%sys": 73.36, "%soft": 7.167, "%irq": 0.105, "%nice": 0.0}, "cpu0": {"%steal": 0.0, "%usr": 0.0066666667, "%gnice": 0.0, "%iowait": 0.0, "%guest": 0.0, "%sys": 0.0733333333, "%soft": 99.92, "%irq": 0.0, "%nice": 0.0}, "cpu1": {"%steal": 0.0, "%usr": 7.174, "%gnice": 0.0, "%iowait": 0.0, "%guest": 0.0, "%sys": 73.8126666667, "%soft": 7.4453333333, "%irq": 0.247, "%nice": 0.0}, "cpu14": {"%steal": 0.0, "%usr": 0.0, "%gnice": 0.0, "%iowait": 0.0, "%guest": 0.0, "%sys": 0.0, "%soft": 0.0, "%irq": 0.0, "%nice": 0.0}, "cpu15": {"%steal": 0.0, "%usr": 0.0, "%gnice": 0.0, "%iowait": 0.0, "%guest": 0.0, "%sys": 0.0, "%soft": 0.0, "%irq": 0.0, "%nice": 0.0}, "cpu10": {"%steal": 0.0, "%usr": 0.0, "%gnice": 0.0, "%iowait": 0.0, "%guest": 0.0, "%sys": 0.0, "%soft": 0.0, "%irq": 0.0, "%nice": 0.0}, "cpu11": {"%steal": 0.0, "%usr": 0.0, "%gnice": 0.0, "%iowait": 0.0, "%guest": 0.0, "%sys": 0.0, "%soft": 0.0, "%irq": 0.0, "%nice": 0.0}, "cpu12": {"%steal": 0.0, "%usr": 0.0, "%gnice": 0.0, "%iowait": 0.0, "%guest": 0.0, "%sys": 0.0, "%soft": 0.0, "%irq": 0.0, "%nice": 0.0}, "cpu13": {"%steal": 0.0, "%usr": 0.0, "%gnice": 0.0, "%iowait": 0.0, "%guest": 0.0, "%sys": 0.0, "%soft": 0.0, "%irq": 0.0, "%nice": 0.0}}}}, "old": {"Stream CPU Usage": {"TCP_STREAM": {"cpu8": {"%steal": 0.0, "%usr": 0.0, "%gnice": 0.0, "%iowait": 0.0, "%guest": 0.0, "%sys": 0.0, "%soft": 0.0, "%irq": 0.0, "%nice": 0.0}, "cpu9": {"%steal": 0.0, "%usr": 0.0, "%gnice": 0.0, "%iowait": 0.0, "%guest": 0.0, "%sys": 0.0, "%soft": 0.0, "%irq": 0.0, "%nice": 0.0}, "cpu6": {"%steal": 0.0, "%usr": 0.0, "%gnice": 0.0, "%iowait": 0.0, "%guest": 0.0, "%sys": 0.0, "%soft": 0.0, "%irq": 0.0, "%nice": 0.0}, "cpu7": {"%steal": 0.0, "%usr": 0.0, "%gnice": 0.0, "%iowait": 0.0, "%guest": 0.0, "%sys": 0.0, "%soft": 0.0, "%irq": 0.0, "%nice": 0.0}, "cpu4": {"%steal": 0.0, "%usr": 0.0, "%gnice": 0.0, "%iowait": 0.0, "%guest": 0.0, "%sys": 0.0, "%soft": 0.0, "%irq": 0.0, "%nice": 0.0}, "cpu5": {"%steal": 0.0, "%usr": 0.0, "%gnice": 0.0, "%iowait": 0.0, "%guest": 0.0, "%sys": 0.0, "%soft": 0.0, "%irq": 0.0, "%nice": 0.0}, "cpu2": {"%steal": 0.0, "%usr": 0.7593333333, "%gnice": 0.0, "%iowait": 0.0, "%guest": 0.0, "%sys": 17.2613333333, "%soft": 4.811, "%irq": 0.0336666667, "%nice": 0.0}, "cpu3": {"%steal": 0.0, "%usr": 0.6676666667, "%gnice": 0.0, "%iowait": 0.0, "%guest": 0.0, "%sys": 16.0273333333, "%soft": 4.3543333333, "%irq": 0.0166666667, "%nice": 0.0}, "cpu0": {"%steal": 0.0, "%usr": 0.9416666667, "%gnice": 0.0, "%iowait": 0.0, "%guest": 0.0, "%sys": 19.869, "%soft": 5.1253333333, "%irq": 0.0326666667, "%nice": 0.0}, "cpu1": {"%steal": 0.0, "%usr": 0.7803333333, "%gnice": 0.0, "%iowait": 0.0, "%guest": 0.0, "%sys": 17.4853333333, "%soft": 4.5936666667, "%irq": 0.0246666667, "%nice": 0.0}, "cpu14": {"%steal": 0.0, "%usr": 0.0, "%gnice": 0.0, "%iowait": 0.0, "%guest": 0.0, "%sys": 0.0, "%soft": 0.0, "%irq": 0.0, "%nice": 0.0}, "cpu15": {"%steal": 0.0, "%usr": 0.0, "%gnice": 0.0, "%iowait": 0.0, "%guest": 0.0, "%sys": 0.0, "%soft": 0.0, "%irq": 0.0, "%nice": 0.0}, "cpu10": {"%steal": 0.0, "%usr": 0.0, "%gnice": 0.0, "%iowait": 0.0, "%guest": 0.0, "%sys": 0.0, "%soft": 0.0, "%irq": 0.0, "%nice": 0.0}, "cpu11": {"%steal": 0.0, "%usr": 0.0, "%gnice": 0.0, "%iowait": 0.0, "%guest": 0.0, "%sys": 0.0, "%soft": 0.0, "%irq": 0.0, "%nice": 0.0}, "cpu12": {"%steal": 0.0, "%usr": 0.0, "%gnice": 0.0, "%iowait": 0.0, "%guest": 0.0, "%sys": 0.0, "%soft": 0.0, "%irq": 0.0, "%nice": 0.0}, "cpu13": {"%steal": 0.0, "%usr": 0.0, "%gnice": 0.0, "%iowait": 0.0, "%guest": 0.0, "%sys": 0.0, "%soft": 0.0, "%irq": 0.0, "%nice": 0.0}}, "UDP_STREAM_1472": {"cpu8": {"%steal": 0.0, "%usr": 0.0, "%gnice": 0.0, "%iowait": 0.0, "%guest": 0.0, "%sys": 0.0, "%soft": 0.0, "%irq": 0.0, "%nice": 0.0}, "cpu9": {"%steal": 0.0, "%usr": 0.0, "%gnice": 0.0, "%iowait": 0.0, "%guest": 0.0, "%sys": 0.0, "%soft": 0.0, "%irq": 0.0, "%nice": 0.0}, "cpu6": {"%steal": 0.0, "%usr": 0.0, "%gnice": 0.0, "%iowait": 0.0, "%guest": 0.0, "%sys": 0.0, "%soft": 0.0, "%irq": 0.0, "%nice": 0.0}, "cpu7": {"%steal": 0.0, "%usr": 0.0, "%gnice": 0.0, "%iowait": 0.0, "%guest": 0.0, "%sys": 0.0, "%soft": 0.0, "%irq": 0.0, "%nice": 0.0}, "cpu4": {"%steal": 0.0, "%usr": 0.0, "%gnice": 0.0, "%iowait": 0.0, "%guest": 0.0, "%sys": 0.0, "%soft": 0.0, "%irq": 0.0, "%nice": 0.0}, "cpu5": {"%steal": 0.0, "%usr": 0.0, "%gnice": 0.0, "%iowait": 0.0, "%guest": 0.0, "%sys": 0.0, "%soft": 0.0, "%irq": 0.0, "%nice": 0.0}, "cpu2": {"%steal": 0.0, "%usr": 5.6436666667, "%gnice": 0.0, "%iowait": 0.0, "%guest": 0.0, "%sys": 41.6336666667, "%soft": 11.9263333333, "%irq": 0.0, "%nice": 0.0}, "cpu3": {"%steal": 0.0, "%usr": 5.5746666667, "%gnice": 0.0, "%iowait": 0.0, "%guest": 0.0, "%sys": 41.3956666667, "%soft": 10.7363333333, "%irq": 0.0, "%nice": 0.0}, "cpu0": {"%steal": 0.0, "%usr": 5.5043333333, "%gnice": 0.0, "%iowait": 0.0, "%guest": 0.0, "%sys": 41.169, "%soft": 10.6013333333, "%irq": 0.0, "%nice": 0.0}, "cpu1": {"%steal": 0.0, "%usr": 5.528, "%gnice": 0.0, "%iowait": 0.0, "%guest": 0.0, "%sys": 41.6176666667, "%soft": 11.0926666667, "%irq": 0.0, "%nice": 0.0}, "cpu14": {"%steal": 0.0, "%usr": 0.0, "%gnice": 0.0, "%iowait": 0.0, "%guest": 0.0, "%sys": 0.0, "%soft": 0.0, "%irq": 0.0, "%nice": 0.0}, "cpu15": {"%steal": 0.0, "%usr": 0.0, "%gnice": 0.0, "%iowait": 0.0, "%guest": 0.0, "%sys": 0.0, "%soft": 0.0, "%irq": 0.0, "%nice": 0.0}, "cpu10": {"%steal": 0.0, "%usr": 0.0, "%gnice": 0.0, "%iowait": 0.0, "%guest": 0.0, "%sys": 0.0, "%soft": 0.0, "%irq": 0.0, "%nice": 0.0}, "cpu11": {"%steal": 0.0, "%usr": 0.0, "%gnice": 0.0, "%iowait": 0.0, "%guest": 0.0, "%sys": 0.0, "%soft": 0.0, "%irq": 0.0, "%nice": 0.0}, "cpu12": {"%steal": 0.0, "%usr": 0.0, "%gnice": 0.0, "%iowait": 0.0, "%guest": 0.0, "%sys": 0.0, "%soft": 0.0, "%irq": 0.0, "%nice": 0.0}, "cpu13": {"%steal": 0.0, "%usr": 0.0, "%gnice": 0.0, "%iowait": 0.0, "%guest": 0.0, "%sys": 0.0, "%soft": 0.0, "%irq": 0.0, "%nice": 0.0}}, "UDP_STREAM_466": {"cpu8": {"%steal": 0.0, "%usr": 0.0, "%gnice": 0.0, "%iowait": 0.0, "%guest": 0.0, "%sys": 0.0, "%soft": 0.0, "%irq": 0.0, "%nice": 0.0}, "cpu9": {"%steal": 0.0, "%usr": 0.0, "%gnice": 0.0, "%iowait": 0.0, "%guest": 0.0, "%sys": 0.0, "%soft": 0.0, "%irq": 0.0, "%nice": 0.0}, "cpu6": {"%steal": 0.0, "%usr": 0.0, "%gnice": 0.0, "%iowait": 0.0, "%guest": 0.0, "%sys": 0.0, "%soft": 0.0, "%irq": 0.0, "%nice": 0.0}, "cpu7": {"%steal": 0.0, "%usr": 0.0, "%gnice": 0.0, "%iowait": 0.0, "%guest": 0.0, "%sys": 0.0, "%soft": 0.0, "%irq": 0.0, "%nice": 0.0}, "cpu4": {"%steal": 0.0, "%usr": 0.0, "%gnice": 0.0, "%iowait": 0.0, "%guest": 0.0, "%sys": 0.0, "%soft": 0.0, "%irq": 0.0, "%nice": 0.0}, "cpu5": {"%steal": 0.0, "%usr": 0.0, "%gnice": 0.0, "%iowait": 0.0, "%guest": 0.0, "%sys": 0.0, "%soft": 0.0, "%irq": 0.0, "%nice": 0.0}, "cpu2": {"%steal": 0.0, "%usr": 5.6436666667, "%gnice": 0.0, "%iowait": 0.0, "%guest": 0.0, "%sys": 41.6336666667, "%soft": 11.9263333333, "%irq": 0.0, "%nice": 0.0}, "cpu3": {"%steal": 0.0, "%usr": 5.5746666667, "%gnice": 0.0, "%iowait": 0.0, "%guest": 0.0, "%sys": 41.3956666667, "%soft": 10.7363333333, "%irq": 0.0, "%nice": 0.0}, "cpu0": {"%steal": 0.0, "%usr": 5.5043333333, "%gnice": 0.0, "%iowait": 0.0, "%guest": 0.0, "%sys": 41.169, "%soft": 10.6013333333, "%irq": 0.0, "%nice": 0.0}, "cpu1": {"%steal": 0.0, "%usr": 5.528, "%gnice": 0.0, "%iowait": 0.0, "%guest": 0.0, "%sys": 41.6176666667, "%soft": 11.0926666667, "%irq": 0.0, "%nice": 0.0}, "cpu14": {"%steal": 0.0, "%usr": 0.0, "%gnice": 0.0, "%iowait": 0.0, "%guest": 0.0, "%sys": 0.0, "%soft": 0.0, "%irq": 0.0, "%nice": 0.0}, "cpu15": {"%steal": 0.0, "%usr": 0.0, "%gnice": 0.0, "%iowait": 0.0, "%guest": 0.0, "%sys": 0.0, "%soft": 0.0, "%irq": 0.0, "%nice": 0.0}, "cpu10": {"%steal": 0.0, "%usr": 0.0, "%gnice": 0.0, "%iowait": 0.0, "%guest": 0.0, "%sys": 0.0, "%soft": 0.0, "%irq": 0.0, "%nice": 0.0}, "cpu11": {"%steal": 0.0, "%usr": 0.0, "%gnice": 0.0, "%iowait": 0.0, "%guest": 0.0, "%sys": 0.0, "%soft": 0.0, "%irq": 0.0, "%nice": 0.0}, "cpu12": {"%steal": 0.0, "%usr": 0.0, "%gnice": 0.0, "%iowait": 0.0, "%guest": 0.0, "%sys": 0.0, "%soft": 0.0, "%irq": 0.0, "%nice": 0.0}, "cpu13": {"%steal": 0.0, "%usr": 0.0, "%gnice": 0.0, "%iowait": 0.0, "%guest": 0.0, "%sys": 0.0, "%soft": 0.0, "%irq": 0.0, "%nice": 0.0}}, "UDP_STREAM_18": {"cpu8": {"%steal": 0.0, "%usr": 0.0, "%gnice": 0.0, "%iowait": 0.0, "%guest": 0.0, "%sys": 0.0, "%soft": 0.0, "%irq": 0.0, "%nice": 0.0}, "cpu9": {"%steal": 0.0, "%usr": 0.0, "%gnice": 0.0, "%iowait": 0.0, "%guest": 0.0, "%sys": 0.0, "%soft": 0.0, "%irq": 0.0, "%nice": 0.0}, "cpu6": {"%steal": 0.0, "%usr": 0.0, "%gnice": 0.0, "%iowait": 0.0, "%guest": 0.0, "%sys": 0.0, "%soft": 0.0, "%irq": 0.0, "%nice": 0.0}, "cpu7": {"%steal": 0.0, "%usr": 0.0, "%gnice": 0.0, "%iowait": 0.0, "%guest": 0.0, "%sys": 0.0, "%soft": 0.0, "%irq": 0.0, "%nice": 0.0}, "cpu4": {"%steal": 0.0, "%usr": 0.0, "%gnice": 0.0, "%iowait": 0.0, "%guest": 0.0, "%sys": 0.0, "%soft": 0.0, "%irq": 0.0, "%nice": 0.0}, "cpu5": {"%steal": 0.0, "%usr": 0.0, "%gnice": 0.0, "%iowait": 0.0, "%guest": 0.0, "%sys": 0.0, "%soft": 0.0, "%irq": 0.0, "%nice": 0.0}, "cpu2": {"%steal": 0.0, "%usr": 5.6436666667, "%gnice": 0.0, "%iowait": 0.0, "%guest": 0.0, "%sys": 41.6336666667, "%soft": 11.9263333333, "%irq": 0.0, "%nice": 0.0}, "cpu3": {"%steal": 0.0, "%usr": 5.5746666667, "%gnice": 0.0, "%iowait": 0.0, "%guest": 0.0, "%sys": 41.3956666667, "%soft": 10.7363333333, "%irq": 0.0, "%nice": 0.0}, "cpu0": {"%steal": 0.0, "%usr": 5.5043333333, "%gnice": 0.0, "%iowait": 0.0, "%guest": 0.0, "%sys": 41.169, "%soft": 10.6013333333, "%irq": 0.0, "%nice": 0.0}, "cpu1": {"%steal": 0.0, "%usr": 5.528, "%gnice": 0.0, "%iowait": 0.0, "%guest": 0.0, "%sys": 41.6176666667, "%soft": 11.0926666667, "%irq": 0.0, "%nice": 0.0}, "cpu14": {"%steal": 0.0, "%usr": 0.0, "%gnice": 0.0, "%iowait": 0.0, "%guest": 0.0, "%sys": 0.0, "%soft": 0.0, "%irq": 0.0, "%nice": 0.0}, "cpu15": {"%steal": 0.0, "%usr": 0.0, "%gnice": 0.0, "%iowait": 0.0, "%guest": 0.0, "%sys": 0.0, "%soft": 0.0, "%irq": 0.0, "%nice": 0.0}, "cpu10": {"%steal": 0.0, "%usr": 0.0, "%gnice": 0.0, "%iowait": 0.0, "%guest": 0.0, "%sys": 0.0, "%soft": 0.0, "%irq": 0.0, "%nice": 0.0}, "cpu11": {"%steal": 0.0, "%usr": 0.0, "%gnice": 0.0, "%iowait": 0.0, "%guest": 0.0, "%sys": 0.0, "%soft": 0.0, "%irq": 0.0, "%nice": 0.0}, "cpu12": {"%steal": 0.0, "%usr": 0.0, "%gnice": 0.0, "%iowait": 0.0, "%guest": 0.0, "%sys": 0.0, "%soft": 0.0, "%irq": 0.0, "%nice": 0.0}, "cpu13": {"%steal": 0.0, "%usr": 0.0, "%gnice": 0.0, "%iowait": 0.0, "%guest": 0.0, "%sys": 0.0, "%soft": 0.0, "%irq": 0.0, "%nice": 0.0}}, "UDP_STREAM_210": {"cpu8": {"%steal": 0.0, "%usr": 0.0, "%gnice": 0.0, "%iowait": 0.0, "%guest": 0.0, "%sys": 0.0, "%soft": 0.0, "%irq": 0.0, "%nice": 0.0}, "cpu9": {"%steal": 0.0, "%usr": 0.0, "%gnice": 0.0, "%iowait": 0.0, "%guest": 0.0, "%sys": 0.0, "%soft": 0.0, "%irq": 0.0, "%nice": 0.0}, "cpu6": {"%steal": 0.0, "%usr": 0.0, "%gnice": 0.0, "%iowait": 0.0, "%guest": 0.0, "%sys": 0.0, "%soft": 0.0, "%irq": 0.0, "%nice": 0.0}, "cpu7": {"%steal": 0.0, "%usr": 0.0, "%gnice": 0.0, "%iowait": 0.0, "%guest": 0.0, "%sys": 0.0, "%soft": 0.0, "%irq": 0.0, "%nice": 0.0}, "cpu4": {"%steal": 0.0, "%usr": 0.0, "%gnice": 0.0, "%iowait": 0.0, "%guest": 0.0, "%sys": 0.0, "%soft": 0.0, "%irq": 0.0, "%nice": 0.0}, "cpu5": {"%steal": 0.0, "%usr": 0.0, "%gnice": 0.0, "%iowait": 0.0, "%guest": 0.0, "%sys": 0.0, "%soft": 0.0, "%irq": 0.0, "%nice": 0.0}, "cpu2": {"%steal": 0.0, "%usr": 5.6436666667, "%gnice": 0.0, "%iowait": 0.0, "%guest": 0.0, "%sys": 41.6336666667, "%soft": 11.9263333333, "%irq": 0.0, "%nice": 0.0}, "cpu3": {"%steal": 0.0, "%usr": 5.5746666667, "%gnice": 0.0, "%iowait": 0.0, "%guest": 0.0, "%sys": 41.3956666667, "%soft": 10.7363333333, "%irq": 0.0, "%nice": 0.0}, "cpu0": {"%steal": 0.0, "%usr": 5.5043333333, "%gnice": 0.0, "%iowait": 0.0, "%guest": 0.0, "%sys": 41.169, "%soft": 10.6013333333, "%irq": 0.0, "%nice": 0.0}, "cpu1": {"%steal": 0.0, "%usr": 5.528, "%gnice": 0.0, "%iowait": 0.0, "%guest": 0.0, "%sys": 41.6176666667, "%soft": 11.0926666667, "%irq": 0.0, "%nice": 0.0}, "cpu14": {"%steal": 0.0, "%usr": 0.0, "%gnice": 0.0, "%iowait": 0.0, "%guest": 0.0, "%sys": 0.0, "%soft": 0.0, "%irq": 0.0, "%nice": 0.0}, "cpu15": {"%steal": 0.0, "%usr": 0.0, "%gnice": 0.0, "%iowait": 0.0, "%guest": 0.0, "%sys": 0.0, "%soft": 0.0, "%irq": 0.0, "%nice": 0.0}, "cpu10": {"%steal": 0.0, "%usr": 0.0, "%gnice": 0.0, "%iowait": 0.0, "%guest": 0.0, "%sys": 0.0, "%soft": 0.0, "%irq": 0.0, "%nice": 0.0}, "cpu11": {"%steal": 0.0, "%usr": 0.0, "%gnice": 0.0, "%iowait": 0.0, "%guest": 0.0, "%sys": 0.0, "%soft": 0.0, "%irq": 0.0, "%nice": 0.0}, "cpu12": {"%steal": 0.0, "%usr": 0.0, "%gnice": 0.0, "%iowait": 0.0, "%guest": 0.0, "%sys": 0.0, "%soft": 0.0, "%irq": 0.0, "%nice": 0.0}, "cpu13": {"%steal": 0.0, "%usr": 0.0, "%gnice": 0.0, "%iowait": 0.0, "%guest": 0.0, "%sys": 0.0, "%soft": 0.0, "%irq": 0.0, "%nice": 0.0}}, "UDP_STREAM_978": {"cpu8": {"%steal": 0.0, "%usr": 0.0, "%gnice": 0.0, "%iowait": 0.0, "%guest": 0.0, "%sys": 0.0, "%soft": 0.0, "%irq": 0.0, "%nice": 0.0}, "cpu9": {"%steal": 0.0, "%usr": 0.0, "%gnice": 0.0, "%iowait": 0.0, "%guest": 0.0, "%sys": 0.0, "%soft": 0.0, "%irq": 0.0, "%nice": 0.0}, "cpu6": {"%steal": 0.0, "%usr": 0.0, "%gnice": 0.0, "%iowait": 0.0, "%guest": 0.0, "%sys": 0.0, "%soft": 0.0, "%irq": 0.0, "%nice": 0.0}, "cpu7": {"%steal": 0.0, "%usr": 0.0, "%gnice": 0.0, "%iowait": 0.0, "%guest": 0.0, "%sys": 0.0, "%soft": 0.0, "%irq": 0.0, "%nice": 0.0}, "cpu4": {"%steal": 0.0, "%usr": 0.0, "%gnice": 0.0, "%iowait": 0.0, "%guest": 0.0, "%sys": 0.0, "%soft": 0.0, "%irq": 0.0, "%nice": 0.0}, "cpu5": {"%steal": 0.0, "%usr": 0.0, "%gnice": 0.0, "%iowait": 0.0, "%guest": 0.0, "%sys": 0.0, "%soft": 0.0, "%irq": 0.0, "%nice": 0.0}, "cpu2": {"%steal": 0.0, "%usr": 5.6436666667, "%gnice": 0.0, "%iowait": 0.0, "%guest": 0.0, "%sys": 41.6336666667, "%soft": 11.9263333333, "%irq": 0.0, "%nice": 0.0}, "cpu3": {"%steal": 0.0, "%usr": 5.5746666667, "%gnice": 0.0, "%iowait": 0.0, "%guest": 0.0, "%sys": 41.3956666667, "%soft": 10.7363333333, "%irq": 0.0, "%nice": 0.0}, "cpu0": {"%steal": 0.0, "%usr": 5.5043333333, "%gnice": 0.0, "%iowait": 0.0, "%guest": 0.0, "%sys": 41.169, "%soft": 10.6013333333, "%irq": 0.0, "%nice": 0.0}, "cpu1": {"%steal": 0.0, "%usr": 5.528, "%gnice": 0.0, "%iowait": 0.0, "%guest": 0.0, "%sys": 41.6176666667, "%soft": 11.0926666667, "%irq": 0.0, "%nice": 0.0}, "cpu14": {"%steal": 0.0, "%usr": 0.0, "%gnice": 0.0, "%iowait": 0.0, "%guest": 0.0, "%sys": 0.0, "%soft": 0.0, "%irq": 0.0, "%nice": 0.0}, "cpu15": {"%steal": 0.0, "%usr": 0.0, "%gnice": 0.0, "%iowait": 0.0, "%guest": 0.0, "%sys": 0.0, "%soft": 0.0, "%irq": 0.0, "%nice": 0.0}, "cpu10": {"%steal": 0.0, "%usr": 0.0, "%gnice": 0.0, "%iowait": 0.0, "%guest": 0.0, "%sys": 0.0, "%soft": 0.0, "%irq": 0.0, "%nice": 0.0}, "cpu11": {"%steal": 0.0, "%usr": 0.0, "%gnice": 0.0, "%iowait": 0.0, "%guest": 0.0, "%sys": 0.0, "%soft": 0.0, "%irq": 0.0, "%nice": 0.0}, "cpu12": {"%steal": 0.0, "%usr": 0.0, "%gnice": 0.0, "%iowait": 0.0, "%guest": 0.0, "%sys": 0.0, "%soft": 0.0, "%irq": 0.0, "%nice": 0.0}, "cpu13": {"%steal": 0.0, "%usr": 0.0, "%gnice": 0.0, "%iowait": 0.0, "%guest": 0.0, "%sys": 0.0, "%soft": 0.0, "%irq": 0.0, "%nice": 0.0}}, "UDP_STREAM_82": {"cpu8": {"%steal": 0.0, "%usr": 0.0, "%gnice": 0.0, "%iowait": 0.0, "%guest": 0.0, "%sys": 0.0, "%soft": 0.0, "%irq": 0.0, "%nice": 0.0}, "cpu9": {"%steal": 0.0, "%usr": 0.0, "%gnice": 0.0, "%iowait": 0.0, "%guest": 0.0, "%sys": 0.0, "%soft": 0.0, "%irq": 0.0, "%nice": 0.0}, "cpu6": {"%steal": 0.0, "%usr": 0.0, "%gnice": 0.0, "%iowait": 0.0, "%guest": 0.0, "%sys": 0.0, "%soft": 0.0, "%irq": 0.0, "%nice": 0.0}, "cpu7": {"%steal": 0.0, "%usr": 0.0, "%gnice": 0.0, "%iowait": 0.0, "%guest": 0.0, "%sys": 0.0, "%soft": 0.0, "%irq": 0.0, "%nice": 0.0}, "cpu4": {"%steal": 0.0, "%usr": 0.0, "%gnice": 0.0, "%iowait": 0.0, "%guest": 0.0, "%sys": 0.0, "%soft": 0.0, "%irq": 0.0, "%nice": 0.0}, "cpu5": {"%steal": 0.0, "%usr": 0.0, "%gnice": 0.0, "%iowait": 0.0, "%guest": 0.0, "%sys": 0.0, "%soft": 0.0, "%irq": 0.0, "%nice": 0.0}, "cpu2": {"%steal": 0.0, "%usr": 5.6436666667, "%gnice": 0.0, "%iowait": 0.0, "%guest": 0.0, "%sys": 41.6336666667, "%soft": 11.9263333333, "%irq": 0.0, "%nice": 0.0}, "cpu3": {"%steal": 0.0, "%usr": 5.5746666667, "%gnice": 0.0, "%iowait": 0.0, "%guest": 0.0, "%sys": 41.3956666667, "%soft": 10.7363333333, "%irq": 0.0, "%nice": 0.0}, "cpu0": {"%steal": 0.0, "%usr": 5.5043333333, "%gnice": 0.0, "%iowait": 0.0, "%guest": 0.0, "%sys": 41.169, "%soft": 10.6013333333, "%irq": 0.0, "%nice": 0.0}, "cpu1": {"%steal": 0.0, "%usr": 5.528, "%gnice": 0.0, "%iowait": 0.0, "%guest": 0.0, "%sys": 41.6176666667, "%soft": 11.0926666667, "%irq": 0.0, "%nice": 0.0}, "cpu14": {"%steal": 0.0, "%usr": 0.0, "%gnice": 0.0, "%iowait": 0.0, "%guest": 0.0, "%sys": 0.0, "%soft": 0.0, "%irq": 0.0, "%nice": 0.0}, "cpu15": {"%steal": 0.0, "%usr": 0.0, "%gnice": 0.0, "%iowait": 0.0, "%guest": 0.0, "%sys": 0.0, "%soft": 0.0, "%irq": 0.0, "%nice": 0.0}, "cpu10": {"%steal": 0.0, "%usr": 0.0, "%gnice": 0.0, "%iowait": 0.0, "%guest": 0.0, "%sys": 0.0, "%soft": 0.0, "%irq": 0.0, "%nice": 0.0}, "cpu11": {"%steal": 0.0, "%usr": 0.0, "%gnice": 0.0, "%iowait": 0.0, "%guest": 0.0, "%sys": 0.0, "%soft": 0.0, "%irq": 0.0, "%nice": 0.0}, "cpu12": {"%steal": 0.0, "%usr": 0.0, "%gnice": 0.0, "%iowait": 0.0, "%guest": 0.0, "%sys": 0.0, "%soft": 0.0, "%irq": 0.0, "%nice": 0.0}, "cpu13": {"%steal": 0.0, "%usr": 0.0, "%gnice": 0.0, "%iowait": 0.0, "%guest": 0.0, "%sys": 0.0, "%soft": 0.0, "%irq": 0.0, "%nice": 0.0}}}, "RR CPU Usage": {"TCP_RR": {"cpu8": {"%steal": 0.0, "%usr": 0.0, "%gnice": 0.0, "%iowait": 0.0, "%guest": 0.0, "%sys": 0.0, "%soft": 0.0, "%irq": 0.0, "%nice": 0.0}, "cpu9": {"%steal": 0.0, "%usr": 0.0, "%gnice": 0.0, "%iowait": 0.0, "%guest": 0.0, "%sys": 0.0, "%soft": 0.0, "%irq": 0.0, "%nice": 0.0}, "cpu6": {"%steal": 0.0, "%usr": 0.0, "%gnice": 0.0, "%iowait": 0.0, "%guest": 0.0, "%sys": 0.0, "%soft": 0.0, "%irq": 0.0, "%nice": 0.0}, "cpu7": {"%steal": 0.0, "%usr": 0.0, "%gnice": 0.0, "%iowait": 0.0, "%guest": 0.0, "%sys": 0.0, "%soft": 0.0, "%irq": 0.0, "%nice": 0.0}, "cpu4": {"%steal": 0.0, "%usr": 0.0, "%gnice": 0.0, "%iowait": 0.0, "%guest": 0.0, "%sys": 0.0, "%soft": 0.0, "%irq": 0.0, "%nice": 0.0}, "cpu5": {"%steal": 0.0, "%usr": 0.0, "%gnice": 0.0, "%iowait": 0.0, "%guest": 0.0, "%sys": 0.0, "%soft": 0.0, "%irq": 0.0, "%nice": 0.0}, "cpu2": {"%steal": 0.0, "%usr": 8.2716666667, "%gnice": 0.0, "%iowait": 0.0, "%guest": 0.0, "%sys": 61.2123333333, "%soft": 30.4896666667, "%irq": 0.0, "%nice": 0.0}, "cpu3": {"%steal": 0.0, "%usr": 8.349, "%gnice": 0.0, "%iowait": 0.0, "%guest": 0.0, "%sys": 60.826, "%soft": 30.7513333333, "%irq": 0.0066666667, "%nice": 0.0}, "cpu0": {"%steal": 0.0, "%usr": 8.162, "%gnice": 0.0, "%iowait": 0.0, "%guest": 0.0, "%sys": 60.421, "%soft": 31.331, "%irq": 0.0, "%nice": 0.0}, "cpu1": {"%steal": 0.0, "%usr": 8.149, "%gnice": 0.0, "%iowait": 0.0, "%guest": 0.0, "%sys": 59.602, "%soft": 32.209, "%irq": 0.0066666667, "%nice": 0.0}, "cpu14": {"%steal": 0.0, "%usr": 0.0, "%gnice": 0.0, "%iowait": 0.0, "%guest": 0.0, "%sys": 0.0, "%soft": 0.0, "%irq": 0.0, "%nice": 0.0}, "cpu15": {"%steal": 0.0, "%usr": 0.0, "%gnice": 0.0, "%iowait": 0.0, "%guest": 0.0, "%sys": 0.0, "%soft": 0.0, "%irq": 0.0, "%nice": 0.0}, "cpu10": {"%steal": 0.0, "%usr": 0.0, "%gnice": 0.0, "%iowait": 0.0, "%guest": 0.0, "%sys": 0.0, "%soft": 0.0, "%irq": 0.0, "%nice": 0.0}, "cpu11": {"%steal": 0.0, "%usr": 0.0, "%gnice": 0.0, "%iowait": 0.0, "%guest": 0.0, "%sys": 0.0, "%soft": 0.0, "%irq": 0.0, "%nice": 0.0}, "cpu12": {"%steal": 0.0, "%usr": 0.0, "%gnice": 0.0, "%iowait": 0.0, "%guest": 0.0, "%sys": 0.0, "%soft": 0.0, "%irq": 0.0, "%nice": 0.0}, "cpu13": {"%steal": 0.0, "%usr": 0.0, "%gnice": 0.0, "%iowait": 0.0, "%guest": 0.0, "%sys": 0.0, "%soft": 0.0, "%irq": 0.0, "%nice": 0.0}}, "UDP_RR": {"cpu8": {"%steal": 0.0, "%usr": 0.0, "%gnice": 0.0, "%iowait": 0.0, "%guest": 0.0, "%sys": 0.0, "%soft": 0.0, "%irq": 0.0, "%nice": 0.0}, "cpu9": {"%steal": 0.0, "%usr": 0.0, "%gnice": 0.0, "%iowait": 0.0, "%guest": 0.0, "%sys": 0.0, "%soft": 0.0, "%irq": 0.0, "%nice": 0.0}, "cpu6": {"%steal": 0.0, "%usr": 0.0, "%gnice": 0.0, "%iowait": 0.0, "%guest": 0.0, "%sys": 0.0, "%soft": 0.0, "%irq": 0.0, "%nice": 0.0}, "cpu7": {"%steal": 0.0, "%usr": 0.0, "%gnice": 0.0, "%iowait": 0.0, "%guest": 0.0, "%sys": 0.0, "%soft": 0.0, "%irq": 0.0, "%nice": 0.0}, "cpu4": {"%steal": 0.0, "%usr": 0.0, "%gnice": 0.0, "%iowait": 0.0, "%guest": 0.0, "%sys": 0.0, "%soft": 0.0, "%irq": 0.0, "%nice": 0.0}, "cpu5": {"%steal": 0.0, "%usr": 0.0, "%gnice": 0.0, "%iowait": 0.0, "%guest": 0.0, "%sys": 0.0, "%soft": 0.0, "%irq": 0.0, "%nice": 0.0}, "cpu2": {"%steal": 0.0, "%usr": 6.3433333333, "%gnice": 0.0, "%iowait": 0.0, "%guest": 0.0, "%sys": 71.0163333333, "%soft": 7.003, "%irq": 0.1173333333, "%nice": 0.0}, "cpu3": {"%steal": 0.0, "%usr": 7.006, "%gnice": 0.0, "%iowait": 0.007, "%guest": 0.0, "%sys": 70.2343333333, "%soft": 6.6973333333, "%irq": 0.1053333333, "%nice": 0.0}, "cpu0": {"%steal": 0.0, "%usr": 0.0, "%gnice": 0.0, "%iowait": 0.0, "%guest": 0.0, "%sys": 0.04, "%soft": 99.96, "%irq": 0.0, "%nice": 0.0}, "cpu1": {"%steal": 0.0, "%usr": 4.7193333333, "%gnice": 0.0, "%iowait": 0.0, "%guest": 0.0, "%sys": 71.1063333333, "%soft": 7.0163333333, "%irq": 0.3196666667, "%nice": 0.0}, "cpu14": {"%steal": 0.0, "%usr": 0.0, "%gnice": 0.0, "%iowait": 0.0, "%guest": 0.0, "%sys": 0.0, "%soft": 0.0, "%irq": 0.0, "%nice": 0.0}, "cpu15": {"%steal": 0.0, "%usr": 0.0, "%gnice": 0.0, "%iowait": 0.0, "%guest": 0.0, "%sys": 0.0, "%soft": 0.0, "%irq": 0.0, "%nice": 0.0}, "cpu10": {"%steal": 0.0, "%usr": 0.0, "%gnice": 0.0, "%iowait": 0.0, "%guest": 0.0, "%sys": 0.0, "%soft": 0.0, "%irq": 0.0, "%nice": 0.0}, "cpu11": {"%steal": 0.0, "%usr": 0.0, "%gnice": 0.0, "%iowait": 0.0, "%guest": 0.0, "%sys": 0.0, "%soft": 0.0, "%irq": 0.0, "%nice": 0.0}, "cpu12": {"%steal": 0.0, "%usr": 0.0, "%gnice": 0.0, "%iowait": 0.0, "%guest": 0.0, "%sys": 0.0, "%soft": 0.0, "%irq": 0.0, "%nice": 0.0}, "cpu13": {"%steal": 0.0, "%usr": 0.0, "%gnice": 0.0, "%iowait": 0.0, "%guest": 0.0, "%sys": 0.0, "%soft": 0.0, "%irq": 0.0, "%nice": 0.0}}}}}}, "receiver": {"all": {"Stream CPU Usage": {"TCP_STREAM": {"new": {"%steal": 0, "%usr": 0, "%gnice": 0, "%iowait": 0, "%guest": 0, "%sys": 0, "%soft": 0, "%irq": 0, "%nice": 0}, "old": {"%steal": 0.0, "%usr": 1.908, "%gnice": 0.0, "%iowait": 0.0, "%guest": 0.0, "%sys": 21.457, "%soft": 4.225, "%irq": 0.082, "%nice": 0.0}}, "UDP_STREAM_1472": {"new": {"%steal": 0, "%usr": 0, "%gnice": 0, "%iowait": 0, "%guest": 0, "%sys": 0, "%soft": 0, "%irq": 0, "%nice": 0}, "old": {"%steal": 0.0, "%usr": 4.667, "%gnice": 0.0, "%iowait": 0.0, "%guest": 0.0, "%sys": 21.8193333333, "%soft": 6.329, "%irq": 0.022, "%nice": 0.0}}, "UDP_STREAM_466": {"new": {"%steal": 0, "%usr": 0, "%gnice": 0, "%iowait": 0, "%guest": 0, "%sys": 0, "%soft": 0, "%irq": 0, "%nice": 0}, "old": {"%steal": 0.0, "%usr": 4.667, "%gnice": 0.0, "%iowait": 0.0, "%guest": 0.0, "%sys": 21.8193333333, "%soft": 6.329, "%irq": 0.022, "%nice": 0.0}}, "UDP_STREAM_18": {"new": {"%steal": 0, "%usr": 0, "%gnice": 0, "%iowait": 0, "%guest": 0, "%sys": 0, "%soft": 0, "%irq": 0, "%nice": 0}, "old": {"%steal": 0.0, "%usr": 4.667, "%gnice": 0.0, "%iowait": 0.0, "%guest": 0.0, "%sys": 21.8193333333, "%soft": 6.329, "%irq": 0.022, "%nice": 0.0}}, "UDP_STREAM_210": {"new": {"%steal": 0, "%usr": 0, "%gnice": 0, "%iowait": 0, "%guest": 0, "%sys": 0, "%soft": 0, "%irq": 0, "%nice": 0}, "old": {"%steal": 0.0, "%usr": 4.667, "%gnice": 0.0, "%iowait": 0.0, "%guest": 0.0, "%sys": 21.8193333333, "%soft": 6.329, "%irq": 0.022, "%nice": 0.0}}, "UDP_STREAM_978": {"new": {"%steal": 0, "%usr": 0, "%gnice": 0, "%iowait": 0, "%guest": 0, "%sys": 0, "%soft": 0, "%irq": 0, "%nice": 0}, "old": {"%steal": 0.0, "%usr": 4.667, "%gnice": 0.0, "%iowait": 0.0, "%guest": 0.0, "%sys": 21.8193333333, "%soft": 6.329, "%irq": 0.022, "%nice": 0.0}}, "UDP_STREAM_82": {"new": {"%steal": 0, "%usr": 0, "%gnice": 0, "%iowait": 0, "%guest": 0, "%sys": 0, "%soft": 0, "%irq": 0, "%nice": 0}, "old": {"%steal": 0.0, "%usr": 4.667, "%gnice": 0.0, "%iowait": 0.0, "%guest": 0.0, "%sys": 21.8193333333, "%soft": 6.329, "%irq": 0.022, "%nice": 0.0}}}, "RR CPU Usage": {"TCP_RR": {"new": {"%steal": 0, "%usr": 0, "%gnice": 0, "%iowait": 0, "%guest": 0, "%sys": 0, "%soft": 0, "%irq": 0, "%nice": 0}, "old": {"%steal": 0.0, "%usr": 8.3436666667, "%gnice": 0.0, "%iowait": 0.0, "%guest": 0.0, "%sys": 60.7413333333, "%soft": 30.7863333333, "%irq": 0.0083333333, "%nice": 0.0}}, "UDP_RR": {"new": {"%steal": 0, "%usr": 0, "%gnice": 0, "%iowait": 0, "%guest": 0, "%sys": 0, "%soft": 0, "%irq": 0, "%nice": 0}, "old": {"%steal": 0.0, "%usr": 8.649, "%gnice": 0.0, "%iowait": 0.0, "%guest": 0.0, "%sys": 52.2113333333, "%soft": 32.5363333333, "%irq": 0.0866666667, "%nice": 0.0}}}}, "each": {"old": {"Stream CPU Usage": {"TCP_STREAM": {"cpu8": {"%steal": 0.0, "%usr": 0.0, "%gnice": 0.0, "%iowait": 0.0, "%guest": 0.0, "%sys": 0.0, "%soft": 0.0, "%irq": 0.0, "%nice": 0.0}, "cpu9": {"%steal": 0.0, "%usr": 0.0, "%gnice": 0.0, "%iowait": 0.0, "%guest": 0.0, "%sys": 0.0, "%soft": 0.0, "%irq": 0.0, "%nice": 0.0}, "cpu6": {"%steal": 0.0, "%usr": 0.0, "%gnice": 0.0, "%iowait": 0.0, "%guest": 0.0, "%sys": 0.0, "%soft": 0.0, "%irq": 0.0, "%nice": 0.0}, "cpu7": {"%steal": 0.0, "%usr": 0.0, "%gnice": 0.0, "%iowait": 0.0, "%guest": 0.0, "%sys": 0.0, "%soft": 0.0, "%irq": 0.0, "%nice": 0.0}, "cpu4": {"%steal": 0.0, "%usr": 0.0, "%gnice": 0.0, "%iowait": 0.0, "%guest": 0.0, "%sys": 0.0, "%soft": 0.0, "%irq": 0.0, "%nice": 0.0}, "cpu5": {"%steal": 0.0, "%usr": 0.0, "%gnice": 0.0, "%iowait": 0.0, "%guest": 0.0, "%sys": 0.0, "%soft": 0.0, "%irq": 0.0, "%nice": 0.0}, "cpu2": {"%steal": 0.0, "%usr": 1.733, "%gnice": 0.0, "%iowait": 0.0, "%guest": 0.0, "%sys": 20.6296666667, "%soft": 3.8983333333, "%irq": 0.0643333333, "%nice": 0.0}, "cpu3": {"%steal": 0.0, "%usr": 1.6776666667, "%gnice": 0.0, "%iowait": 0.0, "%guest": 0.0, "%sys": 19.101, "%soft": 3.7433333333, "%irq": 0.072, "%nice": 0.0}, "cpu0": {"%steal": 0.0, "%usr": 2.318, "%gnice": 0.0, "%iowait": 0.0, "%guest": 0.0, "%sys": 25.7266666667, "%soft": 5.4816666667, "%irq": 0.0726666667, "%nice": 0.0}, "cpu1": {"%steal": 0.0, "%usr": 1.9263333333, "%gnice": 0.0, "%iowait": 0.0, "%guest": 0.0, "%sys": 20.462, "%soft": 3.798, "%irq": 0.104, "%nice": 0.0}, "cpu14": {"%steal": 0.0, "%usr": 0.0, "%gnice": 0.0, "%iowait": 0.0, "%guest": 0.0, "%sys": 0.0, "%soft": 0.0, "%irq": 0.0, "%nice": 0.0}, "cpu15": {"%steal": 0.0, "%usr": 0.0, "%gnice": 0.0, "%iowait": 0.0, "%guest": 0.0, "%sys": 0.0, "%soft": 0.0, "%irq": 0.0, "%nice": 0.0}, "cpu10": {"%steal": 0.0, "%usr": 0.0, "%gnice": 0.0, "%iowait": 0.0, "%guest": 0.0, "%sys": 0.0, "%soft": 0.0, "%irq": 0.0, "%nice": 0.0}, "cpu11": {"%steal": 0.0, "%usr": 0.0, "%gnice": 0.0, "%iowait": 0.0, "%guest": 0.0, "%sys": 0.0, "%soft": 0.0, "%irq": 0.0, "%nice": 0.0}, "cpu12": {"%steal": 0.0, "%usr": 0.0, "%gnice": 0.0, "%iowait": 0.0, "%guest": 0.0, "%sys": 0.0, "%soft": 0.0, "%irq": 0.0, "%nice": 0.0}, "cpu13": {"%steal": 0.0, "%usr": 0.0, "%gnice": 0.0, "%iowait": 0.0, "%guest": 0.0, "%sys": 0.0, "%soft": 0.0, "%irq": 0.0, "%nice": 0.0}}, "UDP_STREAM_1472": {"cpu8": {"%steal": 0.0, "%usr": 0.0, "%gnice": 0.0, "%iowait": 0.0, "%guest": 0.0, "%sys": 0.0, "%soft": 0.0, "%irq": 0.0, "%nice": 0.0}, "cpu9": {"%steal": 0.0, "%usr": 0.0, "%gnice": 0.0, "%iowait": 0.0, "%guest": 0.0, "%sys": 0.0, "%soft": 0.0, "%irq": 0.0, "%nice": 0.0}, "cpu6": {"%steal": 0.0, "%usr": 0.0, "%gnice": 0.0, "%iowait": 0.0, "%guest": 0.0, "%sys": 0.0, "%soft": 0.0, "%irq": 0.0, "%nice": 0.0}, "cpu7": {"%steal": 0.0, "%usr": 0.0, "%gnice": 0.0, "%iowait": 0.0, "%guest": 0.0, "%sys": 0.0, "%soft": 0.0, "%irq": 0.0, "%nice": 0.0}, "cpu4": {"%steal": 0.0, "%usr": 0.0, "%gnice": 0.0, "%iowait": 0.0, "%guest": 0.0, "%sys": 0.0, "%soft": 0.0, "%irq": 0.0, "%nice": 0.0}, "cpu5": {"%steal": 0.0, "%usr": 0.0, "%gnice": 0.0, "%iowait": 0.0, "%guest": 0.0, "%sys": 0.0, "%soft": 0.0, "%irq": 0.0, "%nice": 0.0}, "cpu2": {"%steal": 0.0, "%usr": 4.642, "%gnice": 0.0, "%iowait": 0.0, "%guest": 0.0, "%sys": 21.5003333333, "%soft": 6.1023333333, "%irq": 0.0173333333, "%nice": 0.0}, "cpu3": {"%steal": 0.0, "%usr": 3.82, "%gnice": 0.0, "%iowait": 0.0, "%guest": 0.0, "%sys": 18.6543333333, "%soft": 4.771, "%irq": 0.0166666667, "%nice": 0.0}, "cpu0": {"%steal": 0.0, "%usr": 4.9546666667, "%gnice": 0.0, "%iowait": 0.0, "%guest": 0.0, "%sys": 24.3446666667, "%soft": 7.7973333333, "%irq": 0.035, "%nice": 0.0}, "cpu1": {"%steal": 0.0, "%usr": 5.2603333333, "%gnice": 0.0, "%iowait": 0.0, "%guest": 0.0, "%sys": 22.9096666667, "%soft": 6.715, "%irq": 0.035, "%nice": 0.0}, "cpu14": {"%steal": 0.0, "%usr": 0.0, "%gnice": 0.0, "%iowait": 0.0, "%guest": 0.0, "%sys": 0.0, "%soft": 0.0, "%irq": 0.0, "%nice": 0.0}, "cpu15": {"%steal": 0.0, "%usr": 0.0, "%gnice": 0.0, "%iowait": 0.0, "%guest": 0.0, "%sys": 0.0, "%soft": 0.0, "%irq": 0.0, "%nice": 0.0}, "cpu10": {"%steal": 0.0, "%usr": 0.0, "%gnice": 0.0, "%iowait": 0.0, "%guest": 0.0, "%sys": 0.0, "%soft": 0.0, "%irq": 0.0, "%nice": 0.0}, "cpu11": {"%steal": 0.0, "%usr": 0.0, "%gnice": 0.0, "%iowait": 0.0, "%guest": 0.0, "%sys": 0.0, "%soft": 0.0, "%irq": 0.0, "%nice": 0.0}, "cpu12": {"%steal": 0.0, "%usr": 0.0, "%gnice": 0.0, "%iowait": 0.0, "%guest": 0.0, "%sys": 0.0, "%soft": 0.0, "%irq": 0.0, "%nice": 0.0}, "cpu13": {"%steal": 0.0, "%usr": 0.0, "%gnice": 0.0, "%iowait": 0.0, "%guest": 0.0, "%sys": 0.0, "%soft": 0.0, "%irq": 0.0, "%nice": 0.0}}, "UDP_STREAM_466": {"cpu8": {"%steal": 0.0, "%usr": 0.0, "%gnice": 0.0, "%iowait": 0.0, "%guest": 0.0, "%sys": 0.0, "%soft": 0.0, "%irq": 0.0, "%nice": 0.0}, "cpu9": {"%steal": 0.0, "%usr": 0.0, "%gnice": 0.0, "%iowait": 0.0, "%guest": 0.0, "%sys": 0.0, "%soft": 0.0, "%irq": 0.0, "%nice": 0.0}, "cpu6": {"%steal": 0.0, "%usr": 0.0, "%gnice": 0.0, "%iowait": 0.0, "%guest": 0.0, "%sys": 0.0, "%soft": 0.0, "%irq": 0.0, "%nice": 0.0}, "cpu7": {"%steal": 0.0, "%usr": 0.0, "%gnice": 0.0, "%iowait": 0.0, "%guest": 0.0, "%sys": 0.0, "%soft": 0.0, "%irq": 0.0, "%nice": 0.0}, "cpu4": {"%steal": 0.0, "%usr": 0.0, "%gnice": 0.0, "%iowait": 0.0, "%guest": 0.0, "%sys": 0.0, "%soft": 0.0, "%irq": 0.0, "%nice": 0.0}, "cpu5": {"%steal": 0.0, "%usr": 0.0, "%gnice": 0.0, "%iowait": 0.0, "%guest": 0.0, "%sys": 0.0, "%soft": 0.0, "%irq": 0.0, "%nice": 0.0}, "cpu2": {"%steal": 0.0, "%usr": 4.642, "%gnice": 0.0, "%iowait": 0.0, "%guest": 0.0, "%sys": 21.5003333333, "%soft": 6.1023333333, "%irq": 0.0173333333, "%nice": 0.0}, "cpu3": {"%steal": 0.0, "%usr": 3.82, "%gnice": 0.0, "%iowait": 0.0, "%guest": 0.0, "%sys": 18.6543333333, "%soft": 4.771, "%irq": 0.0166666667, "%nice": 0.0}, "cpu0": {"%steal": 0.0, "%usr": 4.9546666667, "%gnice": 0.0, "%iowait": 0.0, "%guest": 0.0, "%sys": 24.3446666667, "%soft": 7.7973333333, "%irq": 0.035, "%nice": 0.0}, "cpu1": {"%steal": 0.0, "%usr": 5.2603333333, "%gnice": 0.0, "%iowait": 0.0, "%guest": 0.0, "%sys": 22.9096666667, "%soft": 6.715, "%irq": 0.035, "%nice": 0.0}, "cpu14": {"%steal": 0.0, "%usr": 0.0, "%gnice": 0.0, "%iowait": 0.0, "%guest": 0.0, "%sys": 0.0, "%soft": 0.0, "%irq": 0.0, "%nice": 0.0}, "cpu15": {"%steal": 0.0, "%usr": 0.0, "%gnice": 0.0, "%iowait": 0.0, "%guest": 0.0, "%sys": 0.0, "%soft": 0.0, "%irq": 0.0, "%nice": 0.0}, "cpu10": {"%steal": 0.0, "%usr": 0.0, "%gnice": 0.0, "%iowait": 0.0, "%guest": 0.0, "%sys": 0.0, "%soft": 0.0, "%irq": 0.0, "%nice": 0.0}, "cpu11": {"%steal": 0.0, "%usr": 0.0, "%gnice": 0.0, "%iowait": 0.0, "%guest": 0.0, "%sys": 0.0, "%soft": 0.0, "%irq": 0.0, "%nice": 0.0}, "cpu12": {"%steal": 0.0, "%usr": 0.0, "%gnice": 0.0, "%iowait": 0.0, "%guest": 0.0, "%sys": 0.0, "%soft": 0.0, "%irq": 0.0, "%nice": 0.0}, "cpu13": {"%steal": 0.0, "%usr": 0.0, "%gnice": 0.0, "%iowait": 0.0, "%guest": 0.0, "%sys": 0.0, "%soft": 0.0, "%irq": 0.0, "%nice": 0.0}}, "UDP_STREAM_18": {"cpu8": {"%steal": 0.0, "%usr": 0.0, "%gnice": 0.0, "%iowait": 0.0, "%guest": 0.0, "%sys": 0.0, "%soft": 0.0, "%irq": 0.0, "%nice": 0.0}, "cpu9": {"%steal": 0.0, "%usr": 0.0, "%gnice": 0.0, "%iowait": 0.0, "%guest": 0.0, "%sys": 0.0, "%soft": 0.0, "%irq": 0.0, "%nice": 0.0}, "cpu6": {"%steal": 0.0, "%usr": 0.0, "%gnice": 0.0, "%iowait": 0.0, "%guest": 0.0, "%sys": 0.0, "%soft": 0.0, "%irq": 0.0, "%nice": 0.0}, "cpu7": {"%steal": 0.0, "%usr": 0.0, "%gnice": 0.0, "%iowait": 0.0, "%guest": 0.0, "%sys": 0.0, "%soft": 0.0, "%irq": 0.0, "%nice": 0.0}, "cpu4": {"%steal": 0.0, "%usr": 0.0, "%gnice": 0.0, "%iowait": 0.0, "%guest": 0.0, "%sys": 0.0, "%soft": 0.0, "%irq": 0.0, "%nice": 0.0}, "cpu5": {"%steal": 0.0, "%usr": 0.0, "%gnice": 0.0, "%iowait": 0.0, "%guest": 0.0, "%sys": 0.0, "%soft": 0.0, "%irq": 0.0, "%nice": 0.0}, "cpu2": {"%steal": 0.0, "%usr": 4.642, "%gnice": 0.0, "%iowait": 0.0, "%guest": 0.0, "%sys": 21.5003333333, "%soft": 6.1023333333, "%irq": 0.0173333333, "%nice": 0.0}, "cpu3": {"%steal": 0.0, "%usr": 3.82, "%gnice": 0.0, "%iowait": 0.0, "%guest": 0.0, "%sys": 18.6543333333, "%soft": 4.771, "%irq": 0.0166666667, "%nice": 0.0}, "cpu0": {"%steal": 0.0, "%usr": 4.9546666667, "%gnice": 0.0, "%iowait": 0.0, "%guest": 0.0, "%sys": 24.3446666667, "%soft": 7.7973333333, "%irq": 0.035, "%nice": 0.0}, "cpu1": {"%steal": 0.0, "%usr": 5.2603333333, "%gnice": 0.0, "%iowait": 0.0, "%guest": 0.0, "%sys": 22.9096666667, "%soft": 6.715, "%irq": 0.035, "%nice": 0.0}, "cpu14": {"%steal": 0.0, "%usr": 0.0, "%gnice": 0.0, "%iowait": 0.0, "%guest": 0.0, "%sys": 0.0, "%soft": 0.0, "%irq": 0.0, "%nice": 0.0}, "cpu15": {"%steal": 0.0, "%usr": 0.0, "%gnice": 0.0, "%iowait": 0.0, "%guest": 0.0, "%sys": 0.0, "%soft": 0.0, "%irq": 0.0, "%nice": 0.0}, "cpu10": {"%steal": 0.0, "%usr": 0.0, "%gnice": 0.0, "%iowait": 0.0, "%guest": 0.0, "%sys": 0.0, "%soft": 0.0, "%irq": 0.0, "%nice": 0.0}, "cpu11": {"%steal": 0.0, "%usr": 0.0, "%gnice": 0.0, "%iowait": 0.0, "%guest": 0.0, "%sys": 0.0, "%soft": 0.0, "%irq": 0.0, "%nice": 0.0}, "cpu12": {"%steal": 0.0, "%usr": 0.0, "%gnice": 0.0, "%iowait": 0.0, "%guest": 0.0, "%sys": 0.0, "%soft": 0.0, "%irq": 0.0, "%nice": 0.0}, "cpu13": {"%steal": 0.0, "%usr": 0.0, "%gnice": 0.0, "%iowait": 0.0, "%guest": 0.0, "%sys": 0.0, "%soft": 0.0, "%irq": 0.0, "%nice": 0.0}}, "UDP_STREAM_210": {"cpu8": {"%steal": 0.0, "%usr": 0.0, "%gnice": 0.0, "%iowait": 0.0, "%guest": 0.0, "%sys": 0.0, "%soft": 0.0, "%irq": 0.0, "%nice": 0.0}, "cpu9": {"%steal": 0.0, "%usr": 0.0, "%gnice": 0.0, "%iowait": 0.0, "%guest": 0.0, "%sys": 0.0, "%soft": 0.0, "%irq": 0.0, "%nice": 0.0}, "cpu6": {"%steal": 0.0, "%usr": 0.0, "%gnice": 0.0, "%iowait": 0.0, "%guest": 0.0, "%sys": 0.0, "%soft": 0.0, "%irq": 0.0, "%nice": 0.0}, "cpu7": {"%steal": 0.0, "%usr": 0.0, "%gnice": 0.0, "%iowait": 0.0, "%guest": 0.0, "%sys": 0.0, "%soft": 0.0, "%irq": 0.0, "%nice": 0.0}, "cpu4": {"%steal": 0.0, "%usr": 0.0, "%gnice": 0.0, "%iowait": 0.0, "%guest": 0.0, "%sys": 0.0, "%soft": 0.0, "%irq": 0.0, "%nice": 0.0}, "cpu5": {"%steal": 0.0, "%usr": 0.0, "%gnice": 0.0, "%iowait": 0.0, "%guest": 0.0, "%sys": 0.0, "%soft": 0.0, "%irq": 0.0, "%nice": 0.0}, "cpu2": {"%steal": 0.0, "%usr": 4.642, "%gnice": 0.0, "%iowait": 0.0, "%guest": 0.0, "%sys": 21.5003333333, "%soft": 6.1023333333, "%irq": 0.0173333333, "%nice": 0.0}, "cpu3": {"%steal": 0.0, "%usr": 3.82, "%gnice": 0.0, "%iowait": 0.0, "%guest": 0.0, "%sys": 18.6543333333, "%soft": 4.771, "%irq": 0.0166666667, "%nice": 0.0}, "cpu0": {"%steal": 0.0, "%usr": 4.9546666667, "%gnice": 0.0, "%iowait": 0.0, "%guest": 0.0, "%sys": 24.3446666667, "%soft": 7.7973333333, "%irq": 0.035, "%nice": 0.0}, "cpu1": {"%steal": 0.0, "%usr": 5.2603333333, "%gnice": 0.0, "%iowait": 0.0, "%guest": 0.0, "%sys": 22.9096666667, "%soft": 6.715, "%irq": 0.035, "%nice": 0.0}, "cpu14": {"%steal": 0.0, "%usr": 0.0, "%gnice": 0.0, "%iowait": 0.0, "%guest": 0.0, "%sys": 0.0, "%soft": 0.0, "%irq": 0.0, "%nice": 0.0}, "cpu15": {"%steal": 0.0, "%usr": 0.0, "%gnice": 0.0, "%iowait": 0.0, "%guest": 0.0, "%sys": 0.0, "%soft": 0.0, "%irq": 0.0, "%nice": 0.0}, "cpu10": {"%steal": 0.0, "%usr": 0.0, "%gnice": 0.0, "%iowait": 0.0, "%guest": 0.0, "%sys": 0.0, "%soft": 0.0, "%irq": 0.0, "%nice": 0.0}, "cpu11": {"%steal": 0.0, "%usr": 0.0, "%gnice": 0.0, "%iowait": 0.0, "%guest": 0.0, "%sys": 0.0, "%soft": 0.0, "%irq": 0.0, "%nice": 0.0}, "cpu12": {"%steal": 0.0, "%usr": 0.0, "%gnice": 0.0, "%iowait": 0.0, "%guest": 0.0, "%sys": 0.0, "%soft": 0.0, "%irq": 0.0, "%nice": 0.0}, "cpu13": {"%steal": 0.0, "%usr": 0.0, "%gnice": 0.0, "%iowait": 0.0, "%guest": 0.0, "%sys": 0.0, "%soft": 0.0, "%irq": 0.0, "%nice": 0.0}}, "UDP_STREAM_978": {"cpu8": {"%steal": 0.0, "%usr": 0.0, "%gnice": 0.0, "%iowait": 0.0, "%guest": 0.0, "%sys": 0.0, "%soft": 0.0, "%irq": 0.0, "%nice": 0.0}, "cpu9": {"%steal": 0.0, "%usr": 0.0, "%gnice": 0.0, "%iowait": 0.0, "%guest": 0.0, "%sys": 0.0, "%soft": 0.0, "%irq": 0.0, "%nice": 0.0}, "cpu6": {"%steal": 0.0, "%usr": 0.0, "%gnice": 0.0, "%iowait": 0.0, "%guest": 0.0, "%sys": 0.0, "%soft": 0.0, "%irq": 0.0, "%nice": 0.0}, "cpu7": {"%steal": 0.0, "%usr": 0.0, "%gnice": 0.0, "%iowait": 0.0, "%guest": 0.0, "%sys": 0.0, "%soft": 0.0, "%irq": 0.0, "%nice": 0.0}, "cpu4": {"%steal": 0.0, "%usr": 0.0, "%gnice": 0.0, "%iowait": 0.0, "%guest": 0.0, "%sys": 0.0, "%soft": 0.0, "%irq": 0.0, "%nice": 0.0}, "cpu5": {"%steal": 0.0, "%usr": 0.0, "%gnice": 0.0, "%iowait": 0.0, "%guest": 0.0, "%sys": 0.0, "%soft": 0.0, "%irq": 0.0, "%nice": 0.0}, "cpu2": {"%steal": 0.0, "%usr": 4.642, "%gnice": 0.0, "%iowait": 0.0, "%guest": 0.0, "%sys": 21.5003333333, "%soft": 6.1023333333, "%irq": 0.0173333333, "%nice": 0.0}, "cpu3": {"%steal": 0.0, "%usr": 3.82, "%gnice": 0.0, "%iowait": 0.0, "%guest": 0.0, "%sys": 18.6543333333, "%soft": 4.771, "%irq": 0.0166666667, "%nice": 0.0}, "cpu0": {"%steal": 0.0, "%usr": 4.9546666667, "%gnice": 0.0, "%iowait": 0.0, "%guest": 0.0, "%sys": 24.3446666667, "%soft": 7.7973333333, "%irq": 0.035, "%nice": 0.0}, "cpu1": {"%steal": 0.0, "%usr": 5.2603333333, "%gnice": 0.0, "%iowait": 0.0, "%guest": 0.0, "%sys": 22.9096666667, "%soft": 6.715, "%irq": 0.035, "%nice": 0.0}, "cpu14": {"%steal": 0.0, "%usr": 0.0, "%gnice": 0.0, "%iowait": 0.0, "%guest": 0.0, "%sys": 0.0, "%soft": 0.0, "%irq": 0.0, "%nice": 0.0}, "cpu15": {"%steal": 0.0, "%usr": 0.0, "%gnice": 0.0, "%iowait": 0.0, "%guest": 0.0, "%sys": 0.0, "%soft": 0.0, "%irq": 0.0, "%nice": 0.0}, "cpu10": {"%steal": 0.0, "%usr": 0.0, "%gnice": 0.0, "%iowait": 0.0, "%guest": 0.0, "%sys": 0.0, "%soft": 0.0, "%irq": 0.0, "%nice": 0.0}, "cpu11": {"%steal": 0.0, "%usr": 0.0, "%gnice": 0.0, "%iowait": 0.0, "%guest": 0.0, "%sys": 0.0, "%soft": 0.0, "%irq": 0.0, "%nice": 0.0}, "cpu12": {"%steal": 0.0, "%usr": 0.0, "%gnice": 0.0, "%iowait": 0.0, "%guest": 0.0, "%sys": 0.0, "%soft": 0.0, "%irq": 0.0, "%nice": 0.0}, "cpu13": {"%steal": 0.0, "%usr": 0.0, "%gnice": 0.0, "%iowait": 0.0, "%guest": 0.0, "%sys": 0.0, "%soft": 0.0, "%irq": 0.0, "%nice": 0.0}}, "UDP_STREAM_82": {"cpu8": {"%steal": 0.0, "%usr": 0.0, "%gnice": 0.0, "%iowait": 0.0, "%guest": 0.0, "%sys": 0.0, "%soft": 0.0, "%irq": 0.0, "%nice": 0.0}, "cpu9": {"%steal": 0.0, "%usr": 0.0, "%gnice": 0.0, "%iowait": 0.0, "%guest": 0.0, "%sys": 0.0, "%soft": 0.0, "%irq": 0.0, "%nice": 0.0}, "cpu6": {"%steal": 0.0, "%usr": 0.0, "%gnice": 0.0, "%iowait": 0.0, "%guest": 0.0, "%sys": 0.0, "%soft": 0.0, "%irq": 0.0, "%nice": 0.0}, "cpu7": {"%steal": 0.0, "%usr": 0.0, "%gnice": 0.0, "%iowait": 0.0, "%guest": 0.0, "%sys": 0.0, "%soft": 0.0, "%irq": 0.0, "%nice": 0.0}, "cpu4": {"%steal": 0.0, "%usr": 0.0, "%gnice": 0.0, "%iowait": 0.0, "%guest": 0.0, "%sys": 0.0, "%soft": 0.0, "%irq": 0.0, "%nice": 0.0}, "cpu5": {"%steal": 0.0, "%usr": 0.0, "%gnice": 0.0, "%iowait": 0.0, "%guest": 0.0, "%sys": 0.0, "%soft": 0.0, "%irq": 0.0, "%nice": 0.0}, "cpu2": {"%steal": 0.0, "%usr": 4.642, "%gnice": 0.0, "%iowait": 0.0, "%guest": 0.0, "%sys": 21.5003333333, "%soft": 6.1023333333, "%irq": 0.0173333333, "%nice": 0.0}, "cpu3": {"%steal": 0.0, "%usr": 3.82, "%gnice": 0.0, "%iowait": 0.0, "%guest": 0.0, "%sys": 18.6543333333, "%soft": 4.771, "%irq": 0.0166666667, "%nice": 0.0}, "cpu0": {"%steal": 0.0, "%usr": 4.9546666667, "%gnice": 0.0, "%iowait": 0.0, "%guest": 0.0, "%sys": 24.3446666667, "%soft": 7.7973333333, "%irq": 0.035, "%nice": 0.0}, "cpu1": {"%steal": 0.0, "%usr": 5.2603333333, "%gnice": 0.0, "%iowait": 0.0, "%guest": 0.0, "%sys": 22.9096666667, "%soft": 6.715, "%irq": 0.035, "%nice": 0.0}, "cpu14": {"%steal": 0.0, "%usr": 0.0, "%gnice": 0.0, "%iowait": 0.0, "%guest": 0.0, "%sys": 0.0, "%soft": 0.0, "%irq": 0.0, "%nice": 0.0}, "cpu15": {"%steal": 0.0, "%usr": 0.0, "%gnice": 0.0, "%iowait": 0.0, "%guest": 0.0, "%sys": 0.0, "%soft": 0.0, "%irq": 0.0, "%nice": 0.0}, "cpu10": {"%steal": 0.0, "%usr": 0.0, "%gnice": 0.0, "%iowait": 0.0, "%guest": 0.0, "%sys": 0.0, "%soft": 0.0, "%irq": 0.0, "%nice": 0.0}, "cpu11": {"%steal": 0.0, "%usr": 0.0, "%gnice": 0.0, "%iowait": 0.0, "%guest": 0.0, "%sys": 0.0, "%soft": 0.0, "%irq": 0.0, "%nice": 0.0}, "cpu12": {"%steal": 0.0, "%usr": 0.0, "%gnice": 0.0, "%iowait": 0.0, "%guest": 0.0, "%sys": 0.0, "%soft": 0.0, "%irq": 0.0, "%nice": 0.0}, "cpu13": {"%steal": 0.0, "%usr": 0.0, "%gnice": 0.0, "%iowait": 0.0, "%guest": 0.0, "%sys": 0.0, "%soft": 0.0, "%irq": 0.0, "%nice": 0.0}}}, "RR CPU Usage": {"TCP_RR": {"cpu8": {"%steal": 0.0, "%usr": 0.0, "%gnice": 0.0, "%iowait": 0.0, "%guest": 0.0, "%sys": 0.0, "%soft": 0.0, "%irq": 0.0, "%nice": 0.0}, "cpu9": {"%steal": 0.0, "%usr": 0.0, "%gnice": 0.0, "%iowait": 0.0, "%guest": 0.0, "%sys": 0.0, "%soft": 0.0, "%irq": 0.0, "%nice": 0.0}, "cpu6": {"%steal": 0.0, "%usr": 0.0, "%gnice": 0.0, "%iowait": 0.0, "%guest": 0.0, "%sys": 0.0, "%soft": 0.0, "%irq": 0.0, "%nice": 0.0}, "cpu7": {"%steal": 0.0, "%usr": 0.0, "%gnice": 0.0, "%iowait": 0.0, "%guest": 0.0, "%sys": 0.0, "%soft": 0.0, "%irq": 0.0, "%nice": 0.0}, "cpu4": {"%steal": 0.0, "%usr": 0.0, "%gnice": 0.0, "%iowait": 0.0, "%guest": 0.0, "%sys": 0.0, "%soft": 0.0, "%irq": 0.0, "%nice": 0.0}, "cpu5": {"%steal": 0.0, "%usr": 0.0, "%gnice": 0.0, "%iowait": 0.0, "%guest": 0.0, "%sys": 0.0, "%soft": 0.0, "%irq": 0.0, "%nice": 0.0}, "cpu2": {"%steal": 0.0, "%usr": 8.4323333333, "%gnice": 0.0, "%iowait": 0.0, "%guest": 0.0, "%sys": 60.2796666667, "%soft": 31.167, "%irq": 0.0066666667, "%nice": 0.0}, "cpu3": {"%steal": 0.0, "%usr": 8.285, "%gnice": 0.0, "%iowait": 0.0, "%guest": 0.0, "%sys": 60.629, "%soft": 30.9786666667, "%irq": 0.0066666667, "%nice": 0.0}, "cpu0": {"%steal": 0.0, "%usr": 8.354, "%gnice": 0.0, "%iowait": 0.0, "%guest": 0.0, "%sys": 60.49, "%soft": 31.068, "%irq": 0.0, "%nice": 0.0}, "cpu1": {"%steal": 0.0, "%usr": 8.3163333333, "%gnice": 0.0, "%iowait": 0.0, "%guest": 0.0, "%sys": 61.609, "%soft": 29.8933333333, "%irq": 0.0133333333, "%nice": 0.0}, "cpu14": {"%steal": 0.0, "%usr": 0.0, "%gnice": 0.0, "%iowait": 0.0, "%guest": 0.0, "%sys": 0.0, "%soft": 0.0, "%irq": 0.0, "%nice": 0.0}, "cpu15": {"%steal": 0.0, "%usr": 0.0, "%gnice": 0.0, "%iowait": 0.0, "%guest": 0.0, "%sys": 0.0, "%soft": 0.0, "%irq": 0.0, "%nice": 0.0}, "cpu10": {"%steal": 0.0, "%usr": 0.0, "%gnice": 0.0, "%iowait": 0.0, "%guest": 0.0, "%sys": 0.0, "%soft": 0.0, "%irq": 0.0, "%nice": 0.0}, "cpu11": {"%steal": 0.0, "%usr": 0.0, "%gnice": 0.0, "%iowait": 0.0, "%guest": 0.0, "%sys": 0.0, "%soft": 0.0, "%irq": 0.0, "%nice": 0.0}, "cpu12": {"%steal": 0.0, "%usr": 0.0, "%gnice": 0.0, "%iowait": 0.0, "%guest": 0.0, "%sys": 0.0, "%soft": 0.0, "%irq": 0.0, "%nice": 0.0}, "cpu13": {"%steal": 0.0, "%usr": 0.0, "%gnice": 0.0, "%iowait": 0.0, "%guest": 0.0, "%sys": 0.0, "%soft": 0.0, "%irq": 0.0, "%nice": 0.0}}, "UDP_RR": {"cpu8": {"%steal": 0.0, "%usr": 0.0, "%gnice": 0.0, "%iowait": 0.0, "%guest": 0.0, "%sys": 0.0, "%soft": 0.0, "%irq": 0.0, "%nice": 0.0}, "cpu9": {"%steal": 0.0, "%usr": 0.0, "%gnice": 0.0, "%iowait": 0.0, "%guest": 0.0, "%sys": 0.0, "%soft": 0.0, "%irq": 0.0, "%nice": 0.0}, "cpu6": {"%steal": 0.0, "%usr": 0.0, "%gnice": 0.0, "%iowait": 0.0, "%guest": 0.0, "%sys": 0.0, "%soft": 0.0, "%irq": 0.0, "%nice": 0.0}, "cpu7": {"%steal": 0.0, "%usr": 0.0, "%gnice": 0.0, "%iowait": 0.0, "%guest": 0.0, "%sys": 0.0, "%soft": 0.0, "%irq": 0.0, "%nice": 0.0}, "cpu4": {"%steal": 0.0, "%usr": 0.0, "%gnice": 0.0, "%iowait": 0.0, "%guest": 0.0, "%sys": 0.0, "%soft": 0.0, "%irq": 0.0, "%nice": 0.0}, "cpu5": {"%steal": 0.0, "%usr": 0.0, "%gnice": 0.0, "%iowait": 0.0, "%guest": 0.0, "%sys": 0.0, "%soft": 0.0, "%irq": 0.0, "%nice": 0.0}, "cpu2": {"%steal": 0.0, "%usr": 8.6613333333, "%gnice": 0.0, "%iowait": 0.0, "%guest": 0.0, "%sys": 51.973, "%soft": 32.825, "%irq": 0.088, "%nice": 0.0}, "cpu3": {"%steal": 0.0, "%usr": 8.6726666667, "%gnice": 0.0, "%iowait": 0.0, "%guest": 0.0, "%sys": 52.629, "%soft": 31.386, "%irq": 0.0873333333, "%nice": 0.0}, "cpu0": {"%steal": 0.0, "%usr": 8.415, "%gnice": 0.0, "%iowait": 0.0, "%guest": 0.0, "%sys": 50.2483333333, "%soft": 36.5356666667, "%irq": 0.066, "%nice": 0.0}, "cpu1": {"%steal": 0.0, "%usr": 8.8433333333, "%gnice": 0.0, "%iowait": 0.0, "%guest": 0.0, "%sys": 54.0093333333, "%soft": 29.327, "%irq": 0.1253333333, "%nice": 0.0}, "cpu14": {"%steal": 0.0, "%usr": 0.0, "%gnice": 0.0, "%iowait": 0.0, "%guest": 0.0, "%sys": 0.0, "%soft": 0.0, "%irq": 0.0, "%nice": 0.0}, "cpu15": {"%steal": 0.0, "%usr": 0.0, "%gnice": 0.0, "%iowait": 0.0, "%guest": 0.0, "%sys": 0.0, "%soft": 0.0, "%irq": 0.0, "%nice": 0.0}, "cpu10": {"%steal": 0.0, "%usr": 0.0, "%gnice": 0.0, "%iowait": 0.0, "%guest": 0.0, "%sys": 0.0, "%soft": 0.0, "%irq": 0.0, "%nice": 0.0}, "cpu11": {"%steal": 0.0, "%usr": 0.0, "%gnice": 0.0, "%iowait": 0.0, "%guest": 0.0, "%sys": 0.0, "%soft": 0.0, "%irq": 0.0, "%nice": 0.0}, "cpu12": {"%steal": 0.0, "%usr": 0.0, "%gnice": 0.0, "%iowait": 0.0, "%guest": 0.0, "%sys": 0.0, "%soft": 0.0, "%irq": 0.0, "%nice": 0.0}, "cpu13": {"%steal": 0.0, "%usr": 0.0, "%gnice": 0.0, "%iowait": 0.0, "%guest": 0.0, "%sys": 0.0, "%soft": 0.0, "%irq": 0.0, "%nice": 0.0}}}}}}}